id,nombre_comercial,tipo,grado_N,grado_P2O5,grado_K2O,grado_S,clase,formulacion,estado_colombia,fuente
1,Urea 46%,Simple,46,0,0,0,Nitrogenado,46-0-0,Amplia comercialización en Colombia,Monómeros / Nutrien / múltiples importadores
2,Urea granulada recubierta con azufre (SCU),Simple,40,0,0,6,Nitrogenado,40-0-0-6S,Uso especializado/regional,Común en distribuidores agroquímicos de Colombia (insumo genérico)
3,Sulfato de amonio,Simple,21,0,0,24,Nitrogenado,21-0-0-24S,Amplia comercialización en Colombia,Monómeros / Yara Colombia
4,Nitrato de amonio,Simple,33.5,0,0,0,Nitrogenado,33.5-0-0,Uso restringido/regulado (control antiexplosivos),Común en distribuidores agroquímicos de Colombia (insumo genérico)
5,Nitrato de amonio cálcico (CAN 27%),Simple,27,0,0,0,Nitrogenado,27-0-0,Comercialización común,Yara Colombia
6,Sulfonitrato de amonio (ASN),Simple,26,0,0,14,Nitrogenado,26-0-0-14S,Comercialización común,Yara Colombia
7,Nitrato de calcio (Ca(NO3)2),Simple,15.5,0,0,0,Nitrogenado/Secundario,15.5-0-0,"Comercialización común (flores, hortalizas)",Yara Colombia / Haifa (importado)
8,Nitrato de calcio boratado,Simple,15,0,0,0,Nitrogenado/Secundario,15-0-0,Uso especializado (floricultura),Común en distribuidores agroquímicos de Colombia (insumo genérico)
9,Nitrato de potasio (KNO3),Simple,13,0,46,0,Nitrogenado/Potásico,13-0-46,Comercialización común,Haifa / SQM (importado)
10,Nitrato de magnesio,Simple,11,0,0,0,Nitrogenado/Secundario,11-0-0,Uso especializado (fertirriego),Grado técnico/soluble - estándar industria fertirriego
11,Urea fosfato (UP),Simple,17,44,0,0,Nitrogenado/Fosfatado soluble,17-44-0,Uso especializado (fertirriego),Grado técnico/soluble - estándar industria fertirriego
12,Nitrato de sodio (salitre),Simple,16,0,0,0,Nitrogenado,16-0-0,Uso especializado/regional,Estándar internacional (FAO/IFA) - insumo genérico multi-fabricante
13,Cianamida cálcica,Simple,21,0,0,0,Nitrogenado,21-0-0,Uso especializado/regional,Estándar internacional (FAO/IFA) - insumo genérico multi-fabricante
14,Urea líquida (solución),Simple,20,0,0,0,Nitrogenado líquido,20-0-0,Uso especializado (foliar),Común en distribuidores agroquímicos de Colombia (insumo genérico)
15,UAN Solución nitrogenada 32%,Simple,32,0,0,0,Nitrogenado líquido,32-0-0,Uso especializado/regional,Estándar internacional (FAO/IFA) - insumo genérico multi-fabricante
16,Fosfato diamónico (DAP),Simple,18,46,0,0,Fosfatado,18-46-0,Amplia comercialización en Colombia,Monómeros / Yara / Nutrien
17,Fosfato monoamónico (MAP),Simple,11,52,0,0,Fosfatado,11-52-0,Amplia comercialización en Colombia,Monómeros / Yara Colombia
18,Fosfato monoamónico purificado (MAP soluble),Simple,12,61,0,0,Fosfatado soluble,12-61-0,Comercialización común (fertirriego),Grado técnico/soluble - estándar industria fertirriego
19,Superfosfato simple (SFS),Simple,0,18,0,12,Fosfatado,0-18-0-12S,Amplia comercialización en Colombia,Monómeros / Abonos Colombianos
20,Superfosfato triple (SFT/TSP),Simple,0,46,0,0,Fosfatado,0-46-0,Comercialización común,Monómeros / importadores
21,Roca fosfórica (Fosforita),Simple,0,28,0,0,Fosfatado natural,0-28-0,Comercialización común (agricultura orgánica),Yacimientos nacionales (Boyacá/Huila) - genérico
22,Fosfato monopotásico (MKP),Simple,0,52,34,0,Fosfatado/Potásico soluble,0-52-34,Comercialización común (fertirriego/foliar),Grado técnico/soluble - estándar industria fertirriego
23,Ácido fosfórico agrícola,Simple,0,52,0,0,Fosfatado líquido,0-52-0,Uso especializado (fertirriego),Estándar internacional (FAO/IFA) - insumo genérico multi-fabricante
24,Cloruro de potasio (KCl / MOP),Simple,0,0,60,0,Potásico,0-0-60,Amplia comercialización en Colombia,Monómeros / Nutrien / importado (Canpotex)
25,Sulfato de potasio (SOP),Simple,0,0,50,18,Potásico,0-0-50-18S,Comercialización común,Yara / importadores (SQM)
26,Sulfato de potasio y magnesio (Sul-Po-Mag / K-Mag),Simple,0,0,22,22,Potásico/Secundario,0-0-22-22S,"Comercialización común (café, palma)",Mosaic / importadores
27,Nitrato de potasio soluble,Simple,13,0,46,0,Potásico/Nitrogenado soluble,13-0-46,Comercialización común (fertirriego),Grado técnico/soluble - estándar industria fertirriego
28,Cal agrícola (carbonato de calcio),Simple,0,0,0,0,Enmienda/Secundario (Ca),0-0-0,Amplia comercialización en Colombia,Caleras regionales - genérico
29,Cal dolomita,Simple,0,0,0,0,Enmienda/Secundario (Ca-Mg),0-0-0,Amplia comercialización en Colombia,Caleras regionales - genérico
30,Yeso agrícola (sulfato de calcio),Simple,0,0,0,17,Secundario (Ca-S),0-0-0-17S,Comercialización común,Común en distribuidores agroquímicos de Colombia (insumo genérico)
31,Sulfato de magnesio heptahidratado (Sal de Epsom),Simple,0,0,0,13,Secundario (Mg-S),0-0-0-13S,Comercialización común (foliar),Grado técnico/soluble - estándar industria fertirriego
32,Kieserita (sulfato de magnesio monohidratado),Simple,0,0,0,22,Secundario (Mg-S),0-0-0-22S,"Comercialización común (palma, café)",K+S / importadores
33,Óxido de magnesio,Simple,0,0,0,0,Secundario (Mg),0-0-0,Uso especializado/regional,Estándar internacional (FAO/IFA) - insumo genérico multi-fabricante
34,Azufre elemental agrícola (granulado),Simple,0,0,0,90,Secundario (S),0-0-0-90S,Comercialización común,Común en distribuidores agroquímicos de Colombia (insumo genérico)
35,Sulfato de zinc heptahidratado,Simple,0,0,0,0,Micronutriente (Zn),0-0-0,Amplia comercialización en Colombia,Común en distribuidores agroquímicos de Colombia (insumo genérico)
36,Sulfato de zinc monohidratado,Simple,0,0,0,0,Micronutriente (Zn),0-0-0,Comercialización común,Común en distribuidores agroquímicos de Colombia (insumo genérico)
37,Óxido de zinc,Simple,0,0,0,0,Micronutriente (Zn),0-0-0,Uso especializado/regional,Estándar internacional (FAO/IFA) - insumo genérico multi-fabricante
38,Quelato de zinc EDTA,Simple,0,0,0,0,Micronutriente quelatado (Zn),0-0-0,Comercialización común (foliar),Grado técnico/soluble - estándar industria fertirriego
39,Sulfato de manganeso,Simple,0,0,0,0,Micronutriente (Mn),0-0-0,Comercialización común,Común en distribuidores agroquímicos de Colombia (insumo genérico)
40,Quelato de manganeso EDTA,Simple,0,0,0,0,Micronutriente quelatado (Mn),0-0-0,Uso especializado (foliar),Grado técnico/soluble - estándar industria fertirriego
41,Sulfato de cobre pentahidratado,Simple,0,0,0,0,Micronutriente (Cu),0-0-0,Amplia comercialización en Colombia,Común en distribuidores agroquímicos de Colombia (insumo genérico)
42,Oxicloruro de cobre,Simple,0,0,0,0,Micronutriente (Cu),0-0-0,Comercialización común (fungicida-fertilizante),Común en distribuidores agroquímicos de Colombia (insumo genérico)
43,Sulfato ferroso,Simple,0,0,0,0,Micronutriente (Fe),0-0-0,Comercialización común,Común en distribuidores agroquímicos de Colombia (insumo genérico)
44,Quelato de hierro EDDHA,Simple,0,0,0,0,Micronutriente quelatado (Fe),0-0-0,"Comercialización común (foliar, suelos alcalinos)",Grado técnico/soluble - estándar industria fertirriego
45,Ácido bórico,Simple,0,0,0,0,Micronutriente (B),0-0-0,Amplia comercialización en Colombia,Común en distribuidores agroquímicos de Colombia (insumo genérico)
46,Bórax decahidratado,Simple,0,0,0,0,Micronutriente (B),0-0-0,Comercialización común,Común en distribuidores agroquímicos de Colombia (insumo genérico)
47,Solubor (octaborato de sodio),Simple,0,0,0,0,Micronutriente soluble (B),0-0-0,Comercialización común (foliar),Grado técnico/soluble - estándar industria fertirriego
48,Molibdato de sodio,Simple,0,0,0,0,Micronutriente (Mo),0-0-0,Uso especializado/regional,Estándar internacional (FAO/IFA) - insumo genérico multi-fabricante
49,Sulfato de cobalto,Simple,0,0,0,0,Micronutriente (Co),0-0-0,Uso especializado/regional,Estándar internacional (FAO/IFA) - insumo genérico multi-fabricante
50,Mezcla de micronutrientes quelatados (Zn-Mn-Fe-Cu-B-Mo),Simple,0,0,0,0,Micronutriente mixto quelatado,0-0-0,Comercialización común (foliar),Grado técnico/soluble - estándar industria fertirriego
51,Quelato de zinc DTPA,Simple,0,0,0,0,Micronutriente quelatado (Zn),0-0-0,Comercialización común (foliar),Grado técnico/soluble - estándar industria fertirriego
52,Quelato de hierro DTPA,Simple,0,0,0,0,Micronutriente quelatado (Fe),0-0-0,Comercialización común (foliar),Grado técnico/soluble - estándar industria fertirriego
53,Quelato de cobre EDTA,Simple,0,0,0,0,Micronutriente quelatado (Cu),0-0-0,Uso especializado (foliar),Grado técnico/soluble - estándar industria fertirriego
54,Quelato de calcio-boro (foliar),Simple,0,0,0,0,Secundario/Micronutriente foliar (Ca-B),0-0-0,Comercialización común (foliar),Grado técnico/soluble - estándar industria fertirriego
55,Cloruro de calcio,Simple,0,0,0,0,Secundario (Ca),0-0-0,Uso especializado (poscosecha/foliar),Estándar internacional (FAO/IFA) - insumo genérico multi-fabricante
56,Silicato de potasio,Simple,0,0,20,0,Potásico/Silicio,0-0-20,"Uso especializado (foliar, resistencia)",Grado técnico/soluble - estándar industria fertirriego
57,Silicato de calcio,Simple,0,0,0,0,Secundario/Silicio,0-0-0,Uso especializado/regional,Estándar internacional (FAO/IFA) - insumo genérico multi-fabricante
58,Sulfato de amonio granulado con azufre elemental,Simple,21,0,0,24,Nitrogenado,21-0-0-24S,Comercialización común,Común en distribuidores agroquímicos de Colombia (insumo genérico)
59,Fosfato biamónico grado técnico soluble,Simple,21,53,0,0,Fosfatado soluble,21-53-0,Uso especializado (fertirriego),Grado técnico/soluble - estándar industria fertirriego
60,Nitrato de amonio calcáreo con boro,Simple,27,0,0,0,Nitrogenado/Secundario,27-0-0,Uso especializado/regional,Estándar internacional (FAO/IFA) - insumo genérico multi-fabricante
61,Sulfato de potasio granulado grado agrícola,Simple,0,0,50,17,Potásico,0-0-50-17S,Comercialización común,Yara / importadores
62,Roca fosfórica reactiva (uso orgánico),Simple,0,22,0,0,Fosfatado natural,0-22-0,Uso especializado (agricultura orgánica),Estándar internacional (FAO/IFA) - insumo genérico multi-fabricante
63,Guano de isla (fosfatado natural),Simple,2,12,2,0,Fosfatado natural orgánico,2-12-2,Uso especializado/regional,Estándar internacional (FAO/IFA) - insumo genérico multi-fabricante
64,Harina de hueso (fosfatado orgánico),Simple,3,20,0,0,Fosfatado natural orgánico,3-20-0,Uso especializado (agricultura orgánica),Estándar internacional (FAO/IFA) - insumo genérico multi-fabricante
65,NPK 10-10-10 granulado,Compuesto,10,10,10,0,NPK(S) granulado - uso general,10-10-10,Comercialización común en Colombia,Formulación estándar de la industria; no verificada en el registro ICA
66,NPK 10-20-10 granulado,Compuesto,10,20,10,0,NPK(S) granulado - uso general,10-20-10,Comercialización común en Colombia,Formulación estándar de la industria; no verificada en el registro ICA
67,NPK 10-20-20 granulado,Compuesto,10,20,20,0,NPK(S) granulado - uso general,10-20-20,Comercialización común en Colombia,Formulación estándar de la industria; no verificada en el registro ICA
68,NPK 10-30-10 granulado,Compuesto,10,30,10,0,NPK(S) granulado - uso general,10-30-10,Comercialización común en Colombia,Formulación estándar de la industria; no verificada en el registro ICA
69,NPK 10-30-20 granulado,Compuesto,10,30,20,0,NPK(S) granulado - uso general,10-30-20,Comercialización común en Colombia,Formulación estándar de la industria; no verificada en el registro ICA
70,NPK 12-12-12 granulado,Compuesto,12,12,12,0,NPK(S) granulado - uso general,12-12-12,Comercialización común en Colombia,Formulación estándar de la industria; no verificada en el registro ICA
71,NPK 12-12-17-2S granulado,Compuesto,12,12,17,2,NPK(S) granulado - uso general,12-12-17-2S,Comercialización común en Colombia,Formulación estándar de la industria; no verificada en el registro ICA
72,NPK 12-24-12 granulado,Compuesto,12,24,12,0,NPK(S) granulado - uso general,12-24-12,Comercialización común en Colombia,Formulación estándar de la industria; no verificada en el registro ICA
73,NPK 13-13-21 granulado,Compuesto,13,13,21,0,NPK(S) granulado - uso general,13-13-21,Comercialización común en Colombia,Formulación estándar de la industria; no verificada en el registro ICA
74,NPK 13-26-6 granulado,Compuesto,13,26,6,0,NPK(S) granulado - uso general,13-26-6,Comercialización común en Colombia,Formulación estándar de la industria; no verificada en el registro ICA
75,NPK 14-14-14 granulado,Compuesto,14,14,14,0,NPK(S) granulado - uso general,14-14-14,Comercialización común en Colombia,Formulación estándar de la industria; no verificada en el registro ICA
76,NPK 14-28-14 granulado,Compuesto,14,28,14,0,NPK(S) granulado - uso general,14-28-14,Comercialización común en Colombia,Formulación estándar de la industria; no verificada en el registro ICA
77,NPK 15-15-15 granulado,Compuesto,15,15,15,0,NPK(S) granulado - uso general,15-15-15,Comercialización común en Colombia,Formulación estándar de la industria; no verificada en el registro ICA
78,NPK 15-30-15 granulado,Compuesto,15,30,15,0,NPK(S) granulado - uso general,15-30-15,Comercialización común en Colombia,Formulación estándar de la industria; no verificada en el registro ICA
79,NPK 16-16-16 granulado,Compuesto,16,16,16,0,NPK(S) granulado - uso general,16-16-16,Comercialización común en Colombia,Formulación estándar de la industria; no verificada en el registro ICA
80,NPK 17-6-18-2S granulado,Compuesto,17,6,18,2,NPK(S) granulado - uso general,17-6-18-2S,Comercialización común en Colombia,Formulación estándar de la industria; no verificada en el registro ICA
81,NPK 18-18-18 granulado,Compuesto,18,18,18,0,NPK(S) granulado - uso general,18-18-18,Comercialización común en Colombia,Formulación estándar de la industria; no verificada en el registro ICA
82,NPK 19-19-19 granulado,Compuesto,19,19,19,0,NPK(S) granulado - uso general,19-19-19,Comercialización común en Colombia,Formulación estándar de la industria; no verificada en el registro ICA
83,NPK 20-10-10 granulado,Compuesto,20,10,10,0,NPK(S) granulado - uso general,20-10-10,Comercialización común en Colombia,Formulación estándar de la industria; no verificada en el registro ICA
84,NPK 20-20-0 granulado,Compuesto,20,20,0,0,NPK(S) granulado - uso general,20-20-0,Comercialización común en Colombia,Formulación estándar de la industria; no verificada en el registro ICA
85,NPK 20-20-20 granulado,Compuesto,20,20,20,0,NPK(S) granulado - uso general,20-20-20,Comercialización común en Colombia,Formulación estándar de la industria; no verificada en el registro ICA
86,NPK 9-13-27 granulado,Compuesto,9,13,27,0,NPK(S) granulado - uso general,9-13-27,Comercialización común en Colombia,Formulación estándar de la industria; no verificada en el registro ICA
87,NPK 10-10-20 granulado,Compuesto,10,10,20,0,NPK(S) granulado - uso general,10-10-20,Comercialización común en Colombia,Formulación estándar de la industria; no verificada en el registro ICA
88,NPK 10-20-30 granulado,Compuesto,10,20,30,0,NPK(S) granulado - uso general,10-20-30,Comercialización común en Colombia,Formulación estándar de la industria; no verificada en el registro ICA
89,NPK 12-11-18-2S granulado,Compuesto,12,11,18,2,NPK(S) granulado - uso general,12-11-18-2S,Comercialización común en Colombia,Formulación estándar de la industria; no verificada en el registro ICA
90,NPK 14-4-25 granulado,Compuesto,14,4,25,0,NPK(S) granulado - uso general,14-4-25,Comercialización común en Colombia,Formulación estándar de la industria; no verificada en el registro ICA
91,NPK 15-4-23-4S granulado,Compuesto,15,4,23,4,NPK(S) granulado - uso general,15-4-23-4S,Comercialización común en Colombia,Formulación estándar de la industria; no verificada en el registro ICA
92,NPK 25-4-24-4S granulado,Compuesto,25,4,24,4,NPK(S) granulado - uso general,25-4-24-4S,Comercialización común en Colombia,Formulación estándar de la industria; no verificada en el registro ICA
93,NPK 9-23-30 granulado,Compuesto,9,23,30,0,NPK(S) granulado - uso general,9-23-30,Comercialización común en Colombia,Formulación estándar de la industria; no verificada en el registro ICA
94,NPK 11-22-21 granulado,Compuesto,11,22,21,0,NPK(S) granulado - uso general,11-22-21,Comercialización común en Colombia,Formulación estándar de la industria; no verificada en el registro ICA
95,NPK 12-30-10 granulado,Compuesto,12,30,10,0,NPK(S) granulado - uso general,12-30-10,Comercialización común en Colombia,Formulación estándar de la industria; no verificada en el registro ICA
96,NPK 13-20-20 granulado,Compuesto,13,20,20,0,NPK(S) granulado - uso general,13-20-20,Comercialización común en Colombia,Formulación estándar de la industria; no verificada en el registro ICA
97,NPK 15-15-20 granulado,Compuesto,15,15,20,0,NPK(S) granulado - uso general,15-15-20,Comercialización común en Colombia,Formulación estándar de la industria; no verificada en el registro ICA
98,NPK 16-20-0 granulado,Compuesto,16,20,0,0,NPK(S) granulado - uso general,16-20-0,Comercialización común en Colombia,Formulación estándar de la industria; no verificada en el registro ICA
99,NPK 18-46-0 granulado,Compuesto,18,46,0,0,NPK(S) granulado - uso general,18-46-0,Comercialización común en Colombia,Formulación estándar de la industria; no verificada en el registro ICA
100,NPK 10-15-15 granulado,Compuesto,10,15,15,0,NPK(S) granulado - uso general,10-15-15,Comercialización común en Colombia,Formulación estándar de la industria; no verificada en el registro ICA
101,NPK 10-25-25 granulado,Compuesto,10,25,25,0,NPK(S) granulado - uso general,10-25-25,Comercialización común en Colombia,Formulación estándar de la industria; no verificada en el registro ICA
102,NPK 12-20-20 granulado,Compuesto,12,20,20,0,NPK(S) granulado - uso general,12-20-20,Comercialización común en Colombia,Formulación estándar de la industria; no verificada en el registro ICA
103,NPK 14-20-14 granulado,Compuesto,14,20,14,0,NPK(S) granulado - uso general,14-20-14,Comercialización común en Colombia,Formulación estándar de la industria; no verificada en el registro ICA
104,NPK 16-8-24 granulado,Compuesto,16,8,24,0,NPK(S) granulado - uso general,16-8-24,Comercialización común en Colombia,Formulación estándar de la industria; no verificada en el registro ICA
105,NPK 18-12-12 granulado,Compuesto,18,12,12,0,NPK(S) granulado - uso general,18-12-12,Comercialización común en Colombia,Formulación estándar de la industria; no verificada en el registro ICA
106,NPK 20-5-20 granulado,Compuesto,20,5,20,0,NPK(S) granulado - uso general,20-5-20,Comercialización común en Colombia,Formulación estándar de la industria; no verificada en el registro ICA
107,NPK 23-23-0 granulado,Compuesto,23,23,0,0,NPK(S) granulado - uso general,23-23-0,Comercialización común en Colombia,Formulación estándar de la industria; no verificada en el registro ICA
108,NPK 24-0-24 granulado,Compuesto,24,0,24,0,NPK(S) granulado - uso general,24-0-24,Comercialización común en Colombia,Formulación estándar de la industria; no verificada en el registro ICA
109,NPK 8-24-24 granulado,Compuesto,8,24,24,0,NPK(S) granulado - uso general,8-24-24,Comercialización común en Colombia,Formulación estándar de la industria; no verificada en el registro ICA
110,NPK 6-12-24 granulado,Compuesto,6,12,24,0,NPK(S) granulado - uso general,6-12-24,Comercialización común en Colombia,Formulación estándar de la industria; no verificada en el registro ICA
111,NPK 6-18-24 granulado,Compuesto,6,18,24,0,NPK(S) granulado - uso general,6-18-24,Comercialización común en Colombia,Formulación estándar de la industria; no verificada en el registro ICA
112,NPK 7-14-21 granulado,Compuesto,7,14,21,0,NPK(S) granulado - uso general,7-14-21,Comercialización común en Colombia,Formulación estándar de la industria; no verificada en el registro ICA
113,NPK 8-16-24 granulado,Compuesto,8,16,24,0,NPK(S) granulado - uso general,8-16-24,Comercialización común en Colombia,Formulación estándar de la industria; no verificada en el registro ICA
114,NPK 9-18-27 granulado,Compuesto,9,18,27,0,NPK(S) granulado - uso general,9-18-27,Comercialización común en Colombia,Formulación estándar de la industria; no verificada en el registro ICA
115,NPK 10-12-24 granulado,Compuesto,10,12,24,0,NPK(S) granulado - uso general,10-12-24,Comercialización común en Colombia,Formulación estándar de la industria; no verificada en el registro ICA
116,NPK 11-15-25 granulado,Compuesto,11,15,25,0,NPK(S) granulado - uso general,11-15-25,Comercialización común en Colombia,Formulación estándar de la industria; no verificada en el registro ICA
117,NPK 12-8-16 granulado,Compuesto,12,8,16,0,NPK(S) granulado - uso general,12-8-16,Comercialización común en Colombia,Formulación estándar de la industria; no verificada en el registro ICA
118,NPK 12-14-20 granulado,Compuesto,12,14,20,0,NPK(S) granulado - uso general,12-14-20,Comercialización común en Colombia,Formulación estándar de la industria; no verificada en el registro ICA
119,NPK 13-10-20 granulado,Compuesto,13,10,20,0,NPK(S) granulado - uso general,13-10-20,Comercialización común en Colombia,Formulación estándar de la industria; no verificada en el registro ICA
120,NPK 14-10-20 granulado,Compuesto,14,10,20,0,NPK(S) granulado - uso general,14-10-20,Comercialización común en Colombia,Formulación estándar de la industria; no verificada en el registro ICA
121,NPK 15-5-25 granulado,Compuesto,15,5,25,0,NPK(S) granulado - uso general,15-5-25,Comercialización común en Colombia,Formulación estándar de la industria; no verificada en el registro ICA
122,NPK 15-8-15 granulado,Compuesto,15,8,15,0,NPK(S) granulado - uso general,15-8-15,Comercialización común en Colombia,Formulación estándar de la industria; no verificada en el registro ICA
123,NPK 16-4-32 granulado,Compuesto,16,4,32,0,NPK(S) granulado - uso general,16-4-32,Comercialización común en Colombia,Formulación estándar de la industria; no verificada en el registro ICA
124,NPK 17-17-17 granulado,Compuesto,17,17,17,0,NPK(S) granulado - uso general,17-17-17,Comercialización común en Colombia,Formulación estándar de la industria; no verificada en el registro ICA
125,NPK 19-4-19 granulado,Compuesto,19,4,19,0,NPK(S) granulado - uso general,19-4-19,Comercialización común en Colombia,Formulación estándar de la industria; no verificada en el registro ICA
126,NPK 20-8-20 granulado,Compuesto,20,8,20,0,NPK(S) granulado - uso general,20-8-20,Comercialización común en Colombia,Formulación estándar de la industria; no verificada en el registro ICA
127,NPK 21-7-14 granulado,Compuesto,21,7,14,0,NPK(S) granulado - uso general,21-7-14,Comercialización común en Colombia,Formulación estándar de la industria; no verificada en el registro ICA
128,NPK 22-5-11 granulado,Compuesto,22,5,11,0,NPK(S) granulado - uso general,22-5-11,Comercialización común en Colombia,Formulación estándar de la industria; no verificada en el registro ICA
129,NPK 24-6-12 granulado,Compuesto,24,6,12,0,NPK(S) granulado - uso general,24-6-12,Comercialización común en Colombia,Formulación estándar de la industria; no verificada en el registro ICA
130,NPK 5-10-15 granulado,Compuesto,5,10,15,0,NPK(S) granulado - uso general,5-10-15,Comercialización común en Colombia,Formulación estándar de la industria; no verificada en el registro ICA
131,NPK 5-15-20 granulado,Compuesto,5,15,20,0,NPK(S) granulado - uso general,5-15-20,Comercialización común en Colombia,Formulación estándar de la industria; no verificada en el registro ICA
132,NPK 6-10-10 granulado,Compuesto,6,10,10,0,NPK(S) granulado - uso general,6-10-10,Comercialización común en Colombia,Formulación estándar de la industria; no verificada en el registro ICA
133,NPK 6-20-20 granulado,Compuesto,6,20,20,0,NPK(S) granulado - uso general,6-20-20,Comercialización común en Colombia,Formulación estándar de la industria; no verificada en el registro ICA
134,NPK 7-17-17 granulado,Compuesto,7,17,17,0,NPK(S) granulado - uso general,7-17-17,Comercialización común en Colombia,Formulación estándar de la industria; no verificada en el registro ICA
135,NPK 8-8-8 granulado,Compuesto,8,8,8,0,NPK(S) granulado - uso general,8-8-8,Comercialización común en Colombia,Formulación estándar de la industria; no verificada en el registro ICA
136,NPK 8-10-10 granulado,Compuesto,8,10,10,0,NPK(S) granulado - uso general,8-10-10,Comercialización común en Colombia,Formulación estándar de la industria; no verificada en el registro ICA
137,NPK 8-20-10 granulado,Compuesto,8,20,10,0,NPK(S) granulado - uso general,8-20-10,Comercialización común en Colombia,Formulación estándar de la industria; no verificada en el registro ICA
138,NPK 9-9-9 granulado,Compuesto,9,9,9,0,NPK(S) granulado - uso general,9-9-9,Comercialización común en Colombia,Formulación estándar de la industria; no verificada en el registro ICA
139,NPK 9-20-20 granulado,Compuesto,9,20,20,0,NPK(S) granulado - uso general,9-20-20,Comercialización común en Colombia,Formulación estándar de la industria; no verificada en el registro ICA
140,NPK 10-8-8 granulado,Compuesto,10,8,8,0,NPK(S) granulado - uso general,10-8-8,Comercialización común en Colombia,Formulación estándar de la industria; no verificada en el registro ICA
141,NPK 10-18-9 granulado,Compuesto,10,18,9,0,NPK(S) granulado - uso general,10-18-9,Comercialización común en Colombia,Formulación estándar de la industria; no verificada en el registro ICA
142,NPK 10-26-26 granulado,Compuesto,10,26,26,0,NPK(S) granulado - uso general,10-26-26,Comercialización común en Colombia,Formulación estándar de la industria; no verificada en el registro ICA
143,NPK 11-11-11 granulado,Compuesto,11,11,11,0,NPK(S) granulado - uso general,11-11-11,Comercialización común en Colombia,Formulación estándar de la industria; no verificada en el registro ICA
144,NPK 11-17-17 granulado,Compuesto,11,17,17,0,NPK(S) granulado - uso general,11-17-17,Comercialización común en Colombia,Formulación estándar de la industria; no verificada en el registro ICA
145,NPK 12-6-6 granulado,Compuesto,12,6,6,0,NPK(S) granulado - uso general,12-6-6,Comercialización común en Colombia,Formulación estándar de la industria; no verificada en el registro ICA
146,NPK 12-16-16 granulado,Compuesto,12,16,16,0,NPK(S) granulado - uso general,12-16-16,Comercialización común en Colombia,Formulación estándar de la industria; no verificada en el registro ICA
147,NPK 12-30-15 granulado,Compuesto,12,30,15,0,NPK(S) granulado - uso general,12-30-15,Comercialización común en Colombia,Formulación estándar de la industria; no verificada en el registro ICA
148,NPK 13-8-24 granulado,Compuesto,13,8,24,0,NPK(S) granulado - uso general,13-8-24,Comercialización común en Colombia,Formulación estándar de la industria; no verificada en el registro ICA
149,NPK 13-13-13 granulado,Compuesto,13,13,13,0,NPK(S) granulado - uso general,13-13-13,Comercialización común en Colombia,Formulación estándar de la industria; no verificada en el registro ICA
150,NPK 14-7-7 granulado,Compuesto,14,7,7,0,NPK(S) granulado - uso general,14-7-7,Comercialización común en Colombia,Formulación estándar de la industria; no verificada en el registro ICA
151,NPK 14-8-14 granulado,Compuesto,14,8,14,0,NPK(S) granulado - uso general,14-8-14,Comercialización común en Colombia,Formulación estándar de la industria; no verificada en el registro ICA
152,NPK 14-16-18 granulado,Compuesto,14,16,18,0,NPK(S) granulado - uso general,14-16-18,Comercialización común en Colombia,Formulación estándar de la industria; no verificada en el registro ICA
153,NPK 15-10-10 granulado,Compuesto,15,10,10,0,NPK(S) granulado - uso general,15-10-10,Comercialización común en Colombia,Formulación estándar de la industria; no verificada en el registro ICA
154,NPK 15-20-10 granulado,Compuesto,15,20,10,0,NPK(S) granulado - uso general,15-20-10,Comercialización común en Colombia,Formulación estándar de la industria; no verificada en el registro ICA
155,NPK 16-10-18 granulado,Compuesto,16,10,18,0,NPK(S) granulado - uso general,16-10-18,Comercialización común en Colombia,Formulación estándar de la industria; no verificada en el registro ICA
156,NPK 16-12-20 granulado,Compuesto,16,12,20,0,NPK(S) granulado - uso general,16-12-20,Comercialización común en Colombia,Formulación estándar de la industria; no verificada en el registro ICA
157,NPK 16-32-16 granulado,Compuesto,16,32,16,0,NPK(S) granulado - uso general,16-32-16,Comercialización común en Colombia,Formulación estándar de la industria; no verificada en el registro ICA
158,NPK 17-10-10 granulado,Compuesto,17,10,10,0,NPK(S) granulado - uso general,17-10-10,Comercialización común en Colombia,Formulación estándar de la industria; no verificada en el registro ICA
159,NPK 17-17-0 granulado,Compuesto,17,17,0,0,NPK(S) granulado - uso general,17-17-0,Comercialización común en Colombia,Formulación estándar de la industria; no verificada en el registro ICA
160,NPK 18-4-10 granulado,Compuesto,18,4,10,0,NPK(S) granulado - uso general,18-4-10,Comercialización común en Colombia,Formulación estándar de la industria; no verificada en el registro ICA
161,NPK 18-20-10 granulado,Compuesto,18,20,10,0,NPK(S) granulado - uso general,18-20-10,Comercialización común en Colombia,Formulación estándar de la industria; no verificada en el registro ICA
162,NPK 19-9-19 granulado,Compuesto,19,9,19,0,NPK(S) granulado - uso general,19-9-19,Comercialización común en Colombia,Formulación estándar de la industria; no verificada en el registro ICA
163,NPK 20-0-20 granulado,Compuesto,20,0,20,0,NPK(S) granulado - uso general,20-0-20,Comercialización común en Colombia,Formulación estándar de la industria; no verificada en el registro ICA
164,NPK 20-15-10 granulado,Compuesto,20,15,10,0,NPK(S) granulado - uso general,20-15-10,Comercialización común en Colombia,Formulación estándar de la industria; no verificada en el registro ICA
165,NPK 21-0-0 granulado,Compuesto,21,0,0,0,NPK(S) granulado - uso general,21-0-0,Comercialización común en Colombia,Formulación estándar de la industria; no verificada en el registro ICA
166,NPK 22-22-11 granulado,Compuesto,22,22,11,0,NPK(S) granulado - uso general,22-22-11,Comercialización común en Colombia,Formulación estándar de la industria; no verificada en el registro ICA
167,NPK 23-10-10 granulado,Compuesto,23,10,10,0,NPK(S) granulado - uso general,23-10-10,Comercialización común en Colombia,Formulación estándar de la industria; no verificada en el registro ICA
168,NPK 24-12-12 granulado,Compuesto,24,12,12,0,NPK(S) granulado - uso general,24-12-12,Comercialización común en Colombia,Formulación estándar de la industria; no verificada en el registro ICA
169,NPK 26-0-13 granulado,Compuesto,26,0,13,0,NPK(S) granulado - uso general,26-0-13,Comercialización común en Colombia,Formulación estándar de la industria; no verificada en el registro ICA
170,NPK 27-14-0 granulado,Compuesto,27,14,0,0,NPK(S) granulado - uso general,27-14-0,Comercialización común en Colombia,Formulación estándar de la industria; no verificada en el registro ICA
171,NPK 28-0-0 granulado,Compuesto,28,0,0,0,NPK(S) granulado - uso general,28-0-0,Comercialización común en Colombia,Formulación estándar de la industria; no verificada en el registro ICA
172,NPK 30-10-10 granulado,Compuesto,30,10,10,0,NPK(S) granulado - uso general,30-10-10,Comercialización común en Colombia,Formulación estándar de la industria; no verificada en el registro ICA
173,NPK 32-0-0 granulado,Compuesto,32,0,0,0,NPK(S) granulado - uso general,32-0-0,Comercialización común en Colombia,Formulación estándar de la industria; no verificada en el registro ICA
174,NPK 33-0-0 granulado,Compuesto,33,0,0,0,NPK(S) granulado - uso general,33-0-0,Comercialización común en Colombia,Formulación estándar de la industria; no verificada en el registro ICA
175,NPK Café 17-6-18-2MgO,Compuesto,17,6,18,0,NPK+Mg especializado (café),17-6-18,Comercialización común (formulación agroindustrial),Común en distribuidores agroquímicos de Colombia (insumo genérico)
176,NPK Café 25-4-24,Compuesto,25,4,24,4,NPK+S especializado (café),25-4-24-4S,Comercialización común (formulación agroindustrial),Común en distribuidores agroquímicos de Colombia (insumo genérico)
177,NPK Palma de aceite 12-12-17-2MgO,Compuesto,12,12,17,0,NPK+Mg especializado (palma),12-12-17,Comercialización común (formulación agroindustrial),Común en distribuidores agroquímicos de Colombia (insumo genérico)
178,NPK Palma de aceite 15-4-23-4MgO,Compuesto,15,4,23,4,NPK+S+Mg especializado (palma),15-4-23-4S,Comercialización común (formulación agroindustrial),Común en distribuidores agroquímicos de Colombia (insumo genérico)
179,NPK Palma de aceite 10-16-24-3MgO,Compuesto,10,16,24,3,NPK+S+Mg especializado (palma),10-16-24-3S,Comercialización común (formulación agroindustrial),Común en distribuidores agroquímicos de Colombia (insumo genérico)
180,NPK Papa 13-26-6,Compuesto,13,26,6,0,NPK especializado (papa - siembra),13-26-6,Comercialización común (formulación agroindustrial),Común en distribuidores agroquímicos de Colombia (insumo genérico)
181,NPK Papa 10-30-10,Compuesto,10,30,10,0,NPK especializado (papa - siembra),10-30-10,Comercialización común (formulación agroindustrial),Común en distribuidores agroquímicos de Colombia (insumo genérico)
182,NPK Papa 18-18-18,Compuesto,18,18,18,0,NPK especializado (papa - desarrollo),18-18-18,Comercialización común (formulación agroindustrial),Común en distribuidores agroquímicos de Colombia (insumo genérico)
183,NPK Caña de azúcar 9-13-27,Compuesto,9,13,27,0,NPK especializado (caña),9-13-27,Comercialización común (formulación agroindustrial),Común en distribuidores agroquímicos de Colombia (insumo genérico)
184,NPK Caña de azúcar 14-4-25,Compuesto,14,4,25,0,NPK especializado (caña),14-4-25,Comercialización común (formulación agroindustrial),Común en distribuidores agroquímicos de Colombia (insumo genérico)
185,NPK Arroz 15-15-15,Compuesto,15,15,15,0,NPK especializado (arroz),15-15-15,Comercialización común (formulación agroindustrial),Común en distribuidores agroquímicos de Colombia (insumo genérico)
186,NPK Arroz 46-0-0 + 0-0-60 (blend),Compuesto,23,0,30,0,NPK blend especializado (arroz),23-0-30,Comercialización común (formulación agroindustrial),Común en distribuidores agroquímicos de Colombia (insumo genérico)
187,NPK Maíz 10-30-10,Compuesto,10,30,10,0,NPK especializado (maíz - siembra),10-30-10,Comercialización común (formulación agroindustrial),Común en distribuidores agroquímicos de Colombia (insumo genérico)
188,NPK Maíz 25-15-10,Compuesto,25,15,10,0,NPK especializado (maíz - desarrollo),25-15-10,Comercialización común (formulación agroindustrial),Común en distribuidores agroquímicos de Colombia (insumo genérico)
189,NPK Banano 12-4-24-2MgO,Compuesto,12,4,24,0,NPK+Mg especializado (banano),12-4-24,Comercialización común (formulación agroindustrial),Común en distribuidores agroquímicos de Colombia (insumo genérico)
190,NPK Banano 18-5-30-4S,Compuesto,18,5,30,4,NPK+S especializado (banano),18-5-30-4S,Comercialización común (formulación agroindustrial),Común en distribuidores agroquímicos de Colombia (insumo genérico)
191,NPK Plátano 15-5-30,Compuesto,15,5,30,0,NPK especializado (plátano),15-5-30,Comercialización común (formulación agroindustrial),Común en distribuidores agroquímicos de Colombia (insumo genérico)
192,NPK Aguacate Hass 16-6-22-3MgO,Compuesto,16,6,22,0,NPK+Mg especializado (aguacate),16-6-22,Comercialización común (formulación agroindustrial),Común en distribuidores agroquímicos de Colombia (insumo genérico)
193,NPK Cítricos 12-6-24-4MgO,Compuesto,12,6,24,4,NPK+S+Mg especializado (cítricos),12-6-24-4S,Comercialización común (formulación agroindustrial),Común en distribuidores agroquímicos de Colombia (insumo genérico)
194,NPK Pastos y forrajes 20-5-20,Compuesto,20,5,20,0,NPK especializado (praderas),20-5-20,Comercialización común (formulación agroindustrial),Común en distribuidores agroquímicos de Colombia (insumo genérico)
195,NPK Pastos y forrajes 25-0-25,Compuesto,25,0,25,0,NPK especializado (praderas),25-0-25,Comercialización común (formulación agroindustrial),Común en distribuidores agroquímicos de Colombia (insumo genérico)
196,NPK Flores de corte 15-5-30-2MgO,Compuesto,15,5,30,0,NPK+Mg especializado (floricultura),15-5-30,Comercialización común (formulación agroindustrial),Común en distribuidores agroquímicos de Colombia (insumo genérico)
197,NPK Flores de corte 12-8-24-3S,Compuesto,12,8,24,3,NPK+S especializado (floricultura),12-8-24-3S,Comercialización común (formulación agroindustrial),Común en distribuidores agroquímicos de Colombia (insumo genérico)
198,NPK Rosas fertirriego 18-9-18,Compuesto,18,9,18,0,NPK soluble especializado (floricultura),18-9-18,Comercialización común (formulación agroindustrial),Común en distribuidores agroquímicos de Colombia (insumo genérico)
199,NPK Hortalizas 12-24-12,Compuesto,12,24,12,0,NPK especializado (hortalizas - siembra),12-24-12,Comercialización común (formulación agroindustrial),Común en distribuidores agroquímicos de Colombia (insumo genérico)
200,NPK Hortalizas 15-9-20,Compuesto,15,9,20,0,NPK especializado (hortalizas - desarrollo),15-9-20,Comercialización común (formulación agroindustrial),Común en distribuidores agroquímicos de Colombia (insumo genérico)
201,NPK Tomate fertirriego 20-10-20,Compuesto,20,10,20,0,NPK soluble especializado (tomate),20-10-20,Comercialización común (formulación agroindustrial),Común en distribuidores agroquímicos de Colombia (insumo genérico)
202,NPK Cacao 15-15-20-2MgO,Compuesto,15,15,20,0,NPK+Mg especializado (cacao),15-15-20,Comercialización común (formulación agroindustrial),Común en distribuidores agroquímicos de Colombia (insumo genérico)
203,NPK Cacao 12-11-18-2MgO,Compuesto,12,11,18,0,NPK+Mg especializado (cacao),12-11-18,Comercialización común (formulación agroindustrial),Común en distribuidores agroquímicos de Colombia (insumo genérico)
204,NPK Frutales 10-10-18-2MgO,Compuesto,10,10,18,0,NPK+Mg especializado (frutales),10-10-18,Comercialización común (formulación agroindustrial),Común en distribuidores agroquímicos de Colombia (insumo genérico)
205,NPK Fresa fertirriego 15-5-30,Compuesto,15,5,30,0,NPK soluble especializado (fresa),15-5-30,Comercialización común (formulación agroindustrial),Común en distribuidores agroquímicos de Colombia (insumo genérico)
206,NPK Yuca 12-12-17-2MgO,Compuesto,12,12,17,0,NPK+Mg especializado (yuca),12-12-17,Comercialización común (formulación agroindustrial),Común en distribuidores agroquímicos de Colombia (insumo genérico)
207,NPK Fríjol 10-30-10,Compuesto,10,30,10,0,NPK especializado (fríjol - siembra),10-30-10,Comercialización común (formulación agroindustrial),Común en distribuidores agroquímicos de Colombia (insumo genérico)
208,NPK Algodón 15-15-15,Compuesto,15,15,15,0,NPK especializado (algodón),15-15-15,Comercialización común (formulación agroindustrial),Común en distribuidores agroquímicos de Colombia (insumo genérico)
209,NPK Sorgo 20-20-0,Compuesto,20,20,0,0,NPK especializado (sorgo),20-20-0,Comercialización común (formulación agroindustrial),Común en distribuidores agroquímicos de Colombia (insumo genérico)
210,NPK Tabaco 12-8-24-4MgO,Compuesto,12,8,24,4,NPK+S+Mg especializado (tabaco),12-8-24-4S,Comercialización común (formulación agroindustrial),Común en distribuidores agroquímicos de Colombia (insumo genérico)
211,NPK Piña 12-6-24-3MgO,Compuesto,12,6,24,0,NPK+Mg especializado (piña),12-6-24,Comercialización común (formulación agroindustrial),Común en distribuidores agroquímicos de Colombia (insumo genérico)
212,NPK Mango 14-8-22-3MgO,Compuesto,14,8,22,0,NPK+Mg especializado (mango),14-8-22,Comercialización común (formulación agroindustrial),Común en distribuidores agroquímicos de Colombia (insumo genérico)
213,NPK Uva/vid 12-8-24,Compuesto,12,8,24,0,NPK especializado (vid),12-8-24,Comercialización común (formulación agroindustrial),Común en distribuidores agroquímicos de Colombia (insumo genérico)
214,NPK Ornamentales de vivero 19-6-12,Compuesto,19,6,12,0,NPK especializado (ornamentales),19-6-12,Comercialización común (formulación agroindustrial),Común en distribuidores agroquímicos de Colombia (insumo genérico)
215,NPK Praderas de leche 21-4-14,Compuesto,21,4,14,0,NPK especializado (ganadería de leche),21-4-14,Comercialización común (formulación agroindustrial),Común en distribuidores agroquímicos de Colombia (insumo genérico)
216,NPK Praderas de ceba 18-4-18,Compuesto,18,4,18,0,NPK especializado (ganadería de ceba),18-4-18,Comercialización común (formulación agroindustrial),Común en distribuidores agroquímicos de Colombia (insumo genérico)
217,NPK Soya 8-24-16,Compuesto,8,24,16,0,NPK especializado (soya),8-24-16,Comercialización común (formulación agroindustrial),Común en distribuidores agroquímicos de Colombia (insumo genérico)
218,NPK Girasol 12-24-12,Compuesto,12,24,12,0,NPK especializado (girasol),12-24-12,Comercialización común (formulación agroindustrial),Común en distribuidores agroquímicos de Colombia (insumo genérico)
219,NPK Trigo 15-25-10,Compuesto,15,25,10,0,NPK especializado (trigo),15-25-10,Comercialización común (formulación agroindustrial),Común en distribuidores agroquímicos de Colombia (insumo genérico)
220,NPK Cebada 12-24-12,Compuesto,12,24,12,0,NPK especializado (cebada),12-24-12,Comercialización común (formulación agroindustrial),Común en distribuidores agroquímicos de Colombia (insumo genérico)
221,NPK Papaya 14-6-24-3MgO,Compuesto,14,6,24,0,NPK+Mg especializado (papaya),14-6-24,Comercialización común (formulación agroindustrial),Común en distribuidores agroquímicos de Colombia (insumo genérico)
222,NPK Granadilla/maracuyá 15-8-25-3MgO,Compuesto,15,8,25,0,NPK+Mg especializado (frutales de pasión),15-8-25,Comercialización común (formulación agroindustrial),Común en distribuidores agroquímicos de Colombia (insumo genérico)
223,NPK Té/hierbas aromáticas 20-10-10,Compuesto,20,10,10,0,NPK especializado (aromáticas),20-10-10,Comercialización común (formulación agroindustrial),Común en distribuidores agroquímicos de Colombia (insumo genérico)
224,NPK Vivero forestal 18-6-12,Compuesto,18,6,12,0,NPK especializado (vivero forestal),18-6-12,Comercialización común (formulación agroindustrial),Común en distribuidores agroquímicos de Colombia (insumo genérico)
225,NPK soluble 20-20-20 + micros,Compuesto,20,20,20,0,NPK soluble cristalino con micronutrientes,20-20-20,Comercialización común (fertirriego/foliar),Grado técnico/soluble - estándar industria fertirriego
226,NPK soluble 15-30-15,Compuesto,15,30,15,0,NPK soluble cristalino (enraizamiento),15-30-15,Comercialización común (fertirriego/foliar),Grado técnico/soluble - estándar industria fertirriego
227,NPK soluble 10-52-10,Compuesto,10,52,10,0,NPK soluble cristalino (arranque radicular),10-52-10,Comercialización común (fertirriego/foliar),Grado técnico/soluble - estándar industria fertirriego
228,NPK soluble 13-40-13,Compuesto,13,40,13,0,NPK soluble cristalino (floración),13-40-13,Comercialización común (fertirriego/foliar),Grado técnico/soluble - estándar industria fertirriego
229,NPK soluble 4-11-35-2MgO,Compuesto,4,11,35,0,NPK+Mg soluble cristalino (fructificación),4-11-35,Comercialización común (fertirriego/foliar),Grado técnico/soluble - estándar industria fertirriego
230,NPK soluble 8-15-36,Compuesto,8,15,36,0,NPK soluble cristalino (llenado de fruto),8-15-36,Comercialización común (fertirriego/foliar),Grado técnico/soluble - estándar industria fertirriego
231,NPK soluble 32-10-10,Compuesto,32,10,10,0,NPK soluble cristalino (crecimiento vegetativo),32-10-10,Comercialización común (fertirriego/foliar),Grado técnico/soluble - estándar industria fertirriego
232,NPK soluble 18-18-18 + micros,Compuesto,18,18,18,0,NPK soluble cristalino con micronutrientes,18-18-18,Comercialización común (fertirriego/foliar),Grado técnico/soluble - estándar industria fertirriego
233,NPK soluble 9-45-15,Compuesto,9,45,15,0,NPK soluble cristalino (prefloración),9-45-15,Comercialización común (fertirriego/foliar),Grado técnico/soluble - estándar industria fertirriego
234,NPK soluble 6-30-30,Compuesto,6,30,30,0,NPK soluble cristalino (maduración),6-30-30,Comercialización común (fertirriego/foliar),Grado técnico/soluble - estándar industria fertirriego
235,NPK soluble 0-52-34 (MKP),Compuesto,0,52,34,0,Fosfato-potásico soluble,0-52-34,Comercialización común (fertirriego/foliar),Grado técnico/soluble - estándar industria fertirriego
236,NPK soluble 13-0-46 (nitrato de potasio),Compuesto,13,0,46,0,Nitrogenado-potásico soluble,13-0-46,Comercialización común (fertirriego/foliar),Grado técnico/soluble - estándar industria fertirriego
237,NPK soluble 15.5-0-0+19Ca,Compuesto,15.5,0,0,0,Nitrogenado-cálcico soluble,15.5-0-0,Comercialización común (fertirriego/foliar),Grado técnico/soluble - estándar industria fertirriego
238,NPK soluble 12-4-6-2MgO foliar,Compuesto,12,4,6,0,NPK+Mg foliar concentrado,12-4-6,Comercialización común (fertirriego/foliar),Grado técnico/soluble - estándar industria fertirriego
239,NPK soluble 3-11-38+micros,Compuesto,3,11,38,0,NPK soluble cristalino (engorde de fruto),3-11-38,Comercialización común (fertirriego/foliar),Grado técnico/soluble - estándar industria fertirriego
240,NPK soluble 21-27-5,Compuesto,21,27,5,0,NPK soluble cristalino (etapa vegetativa),21-27-5,Comercialización común (fertirriego/foliar),Grado técnico/soluble - estándar industria fertirriego
241,NPK soluble 8-45-15,Compuesto,8,45,15,0,NPK soluble cristalino (inducción floral),8-45-15,Comercialización común (fertirriego/foliar),Grado técnico/soluble - estándar industria fertirriego
242,NPK soluble 5-15-45,Compuesto,5,15,45,0,NPK soluble cristalino (maduración de fruto),5-15-45,Comercialización común (fertirriego/foliar),Grado técnico/soluble - estándar industria fertirriego
243,NPK soluble 16-8-32,Compuesto,16,8,32,0,NPK soluble cristalino (llenado de grano),16-8-32,Comercialización común (fertirriego/foliar),Grado técnico/soluble - estándar industria fertirriego
244,NPK soluble 12-12-36,Compuesto,12,12,36,0,NPK soluble cristalino (etapa reproductiva),12-12-36,Comercialización común (fertirriego/foliar),Grado técnico/soluble - estándar industria fertirriego
245,NPK soluble 24-8-16,Compuesto,24,8,16,0,NPK soluble cristalino (arranque vegetativo),24-8-16,Comercialización común (fertirriego/foliar),Grado técnico/soluble - estándar industria fertirriego
246,NPK soluble 6-12-36-4MgO,Compuesto,6,12,36,0,NPK+Mg soluble cristalino (cosecha),6-12-36,Comercialización común (fertirriego/foliar),Grado técnico/soluble - estándar industria fertirriego
247,NPK soluble 19-6-6,Compuesto,19,6,6,0,NPK soluble cristalino (foliar arranque),19-6-6,Comercialización común (fertirriego/foliar),Grado técnico/soluble - estándar industria fertirriego
248,NPK soluble 7-7-40,Compuesto,7,7,40,0,NPK soluble cristalino (calidad de fruto),7-7-40,Comercialización común (fertirriego/foliar),Grado técnico/soluble - estándar industria fertirriego
249,NPK soluble 10-10-10 foliar con micros,Compuesto,10,10,10,0,NPK soluble foliar con micronutrientes,10-10-10,Comercialización común (fertirriego/foliar),Grado técnico/soluble - estándar industria fertirriego
250,Bulk blend 10-20-20-3S,Compuesto,10,20,20,3,NPK+S mezcla física (bulk blend),10-20-20-3S,Comercialización regional (planta de mezcla local),Plantas de bulk-blending regionales - genérico
251,Bulk blend 15-15-15-3S,Compuesto,15,15,15,3,NPK+S mezcla física (bulk blend),15-15-15-3S,Comercialización regional (planta de mezcla local),Plantas de bulk-blending regionales - genérico
252,Bulk blend 12-24-12-2S,Compuesto,12,24,12,2,NPK+S mezcla física (bulk blend),12-24-12-2S,Comercialización regional (planta de mezcla local),Plantas de bulk-blending regionales - genérico
253,Bulk blend 17-6-18-3S-2MgO,Compuesto,17,6,18,3,NPK+S mezcla física (bulk blend),17-6-18-3S,Comercialización regional (planta de mezcla local),Plantas de bulk-blending regionales - genérico
254,Bulk blend 25-4-24-3S,Compuesto,25,4,24,3,NPK+S mezcla física (bulk blend),25-4-24-3S,Comercialización regional (planta de mezcla local),Plantas de bulk-blending regionales - genérico
255,Bulk blend 10-30-10-2S,Compuesto,10,30,10,2,NPK+S mezcla física (bulk blend),10-30-10-2S,Comercialización regional (planta de mezcla local),Plantas de bulk-blending regionales - genérico
256,Bulk blend 14-14-14-4S,Compuesto,14,14,14,4,NPK+S mezcla física (bulk blend),14-14-14-4S,Comercialización regional (planta de mezcla local),Plantas de bulk-blending regionales - genérico
257,Bulk blend 9-23-30-3S,Compuesto,9,23,30,3,NPK+S mezcla física (bulk blend),9-23-30-3S,Comercialización regional (planta de mezcla local),Plantas de bulk-blending regionales - genérico
258,Bulk blend 18-18-18-3S,Compuesto,18,18,18,3,NPK+S mezcla física (bulk blend),18-18-18-3S,Comercialización regional (planta de mezcla local),Plantas de bulk-blending regionales - genérico
259,Bulk blend 20-10-10-3S,Compuesto,20,10,10,3,NPK+S mezcla física (bulk blend),20-10-10-3S,Comercialización regional (planta de mezcla local),Plantas de bulk-blending regionales - genérico
260,Bulk blend 12-12-17-2S-2MgO,Compuesto,12,12,17,2,NPK+S mezcla física (bulk blend),12-12-17-2S,Comercialización regional (planta de mezcla local),Plantas de bulk-blending regionales - genérico
261,Bulk blend 8-24-24-4S,Compuesto,8,24,24,4,NPK+S mezcla física (bulk blend),8-24-24-4S,Comercialización regional (planta de mezcla local),Plantas de bulk-blending regionales - genérico
262,Bulk blend 16-16-16-3S,Compuesto,16,16,16,3,NPK+S mezcla física (bulk blend),16-16-16-3S,Comercialización regional (planta de mezcla local),Plantas de bulk-blending regionales - genérico
263,Bulk blend 13-26-6-3S,Compuesto,13,26,6,3,NPK+S mezcla física (bulk blend),13-26-6-3S,Comercialización regional (planta de mezcla local),Plantas de bulk-blending regionales - genérico
264,Bulk blend 10-10-20-3S,Compuesto,10,10,20,3,NPK+S mezcla física (bulk blend),10-10-20-3S,Comercialización regional (planta de mezcla local),Plantas de bulk-blending regionales - genérico
265,Bulk blend 6-18-24-4S,Compuesto,6,18,24,4,NPK+S mezcla física (bulk blend),6-18-24-4S,Comercialización regional (planta de mezcla local),Plantas de bulk-blending regionales - genérico
266,Bulk blend 9-23-30-4S,Compuesto,9,23,30,4,NPK+S mezcla física (bulk blend),9-23-30-4S,Comercialización regional (planta de mezcla local),Plantas de bulk-blending regionales - genérico
267,Bulk blend 12-24-12-3S,Compuesto,12,24,12,3,NPK+S mezcla física (bulk blend),12-24-12-3S,Comercialización regional (planta de mezcla local),Plantas de bulk-blending regionales - genérico
268,Bulk blend 14-4-25-3S,Compuesto,14,4,25,3,NPK+S mezcla física (bulk blend),14-4-25-3S,Comercialización regional (planta de mezcla local),Plantas de bulk-blending regionales - genérico
269,Bulk blend 15-4-23-4S-2MgO,Compuesto,15,4,23,4,NPK+S mezcla física (bulk blend),15-4-23-4S,Comercialización regional (planta de mezcla local),Plantas de bulk-blending regionales - genérico
270,NPK líquido 4-1-8,Compuesto,4,1,8,0,NPK líquido concentrado (foliar/fertirriego),4-1-8,Comercialización común (fertirriego/foliar),Grado técnico/soluble - estándar industria fertirriego
271,NPK líquido 10-5-5,Compuesto,10,5,5,0,NPK líquido concentrado (arranque),10-5-5,Comercialización común (fertirriego/foliar),Grado técnico/soluble - estándar industria fertirriego
272,NPK líquido 3-10-10,Compuesto,3,10,10,0,NPK líquido concentrado (floración),3-10-10,Comercialización común (fertirriego/foliar),Grado técnico/soluble - estándar industria fertirriego
273,NPK líquido 6-6-6,Compuesto,6,6,6,0,NPK líquido balanceado,6-6-6,Comercialización común (fertirriego/foliar),Grado técnico/soluble - estándar industria fertirriego
274,NPK líquido 15-5-10,Compuesto,15,5,10,0,NPK líquido concentrado (vegetativo),15-5-10,Comercialización común (fertirriego/foliar),Grado técnico/soluble - estándar industria fertirriego
275,NPK líquido 5-15-8,Compuesto,5,15,8,0,NPK líquido concentrado (enraizamiento),5-15-8,Comercialización común (fertirriego/foliar),Grado técnico/soluble - estándar industria fertirriego
276,NPK líquido 2-4-10,Compuesto,2,4,10,0,NPK líquido concentrado (llenado de fruto),2-4-10,Comercialización común (fertirriego/foliar),Grado técnico/soluble - estándar industria fertirriego
277,NPK líquido 8-8-8+micros,Compuesto,8,8,8,0,NPK líquido balanceado con micronutrientes,8-8-8,Comercialización común (fertirriego/foliar),Grado técnico/soluble - estándar industria fertirriego
278,NPK líquido 20-20-20 hidrosoluble,Compuesto,20,20,20,0,NPK líquido concentrado hidrosoluble,20-20-20,Comercialización común (fertirriego/foliar),Grado técnico/soluble - estándar industria fertirriego
279,NPK líquido 0-10-10,Compuesto,0,10,10,0,PK líquido concentrado (poscosecha),0-10-10,Comercialización común (fertirriego/foliar),Grado técnico/soluble - estándar industria fertirriego
280,NPK líquido 12-0-6,Compuesto,12,0,6,0,NK líquido concentrado (arranque foliar),12-0-6,Comercialización común (fertirriego/foliar),Grado técnico/soluble - estándar industria fertirriego
281,NPK líquido 4-8-6-2MgO,Compuesto,4,8,6,0,NPK+Mg líquido concentrado,4-8-6,Comercialización común (fertirriego/foliar),Grado técnico/soluble - estándar industria fertirriego
282,Nitrógeno líquido estabilizado 20-0-0,Compuesto,20,0,0,0,Nitrogenado líquido estabilizado,20-0-0,Comercialización común (fertirriego/foliar),Grado técnico/soluble - estándar industria fertirriego
283,NPK líquido starter 6-24-6,Compuesto,6,24,6,0,NPK líquido concentrado (starter siembra),6-24-6,Comercialización común (fertirriego/foliar),Grado técnico/soluble - estándar industria fertirriego
284,NPK líquido 9-3-6,Compuesto,9,3,6,0,NPK líquido concentrado (mantenimiento),9-3-6,Comercialización común (fertirriego/foliar),Grado técnico/soluble - estándar industria fertirriego
285,NPK líquido 3-18-18,Compuesto,3,18,18,0,NPK líquido concentrado (prefloración),3-18-18,Comercialización común (fertirriego/foliar),Grado técnico/soluble - estándar industria fertirriego
286,NPK líquido 5-1-9,Compuesto,5,1,9,0,NK líquido concentrado (llenado de grano),5-1-9,Comercialización común (fertirriego/foliar),Grado técnico/soluble - estándar industria fertirriego
287,NPK líquido 7-21-7,Compuesto,7,21,7,0,NPK líquido concentrado (inducción floral),7-21-7,Comercialización común (fertirriego/foliar),Grado técnico/soluble - estándar industria fertirriego
288,NPK líquido 1-3-6,Compuesto,1,3,6,0,PK líquido concentrado (calidad de fruto),1-3-6,Comercialización común (fertirriego/foliar),Grado técnico/soluble - estándar industria fertirriego
289,NPK líquido 14-7-7,Compuesto,14,7,7,0,NPK líquido concentrado (vegetativo intensivo),14-7-7,Comercialización común (fertirriego/foliar),Grado técnico/soluble - estándar industria fertirriego
290,NPK recubierto liberación controlada 18-6-12 (3-4 meses),Compuesto,18,6,12,0,NPK(S) liberación controlada / recubierto,18-6-12,"Uso especializado (viveros, ornamentales, cultivos de alto valor)",Común en distribuidores agroquímicos de Colombia (insumo genérico)
291,NPK recubierto liberación controlada 16-9-12 (5-6 meses),Compuesto,16,9,12,0,NPK(S) liberación controlada / recubierto,16-9-12,"Uso especializado (viveros, ornamentales, cultivos de alto valor)",Común en distribuidores agroquímicos de Colombia (insumo genérico)
292,NPK recubierto liberación controlada 14-14-14 (3-4 meses),Compuesto,14,14,14,0,NPK(S) liberación controlada / recubierto,14-14-14,"Uso especializado (viveros, ornamentales, cultivos de alto valor)",Común en distribuidores agroquímicos de Colombia (insumo genérico)
293,NPK recubierto liberación controlada 20-7-10 (8-9 meses),Compuesto,20,7,10,0,NPK(S) liberación controlada / recubierto,20-7-10,"Uso especializado (viveros, ornamentales, cultivos de alto valor)",Común en distribuidores agroquímicos de Colombia (insumo genérico)
294,NPK recubierto liberación controlada 12-12-17-2MgO (5-6 meses),Compuesto,12,12,17,0,NPK(S) liberación controlada / recubierto,12-12-17,"Uso especializado (viveros, ornamentales, cultivos de alto valor)",Común en distribuidores agroquímicos de Colombia (insumo genérico)
295,NPK recubierto liberación controlada 15-9-12+micros (4 meses),Compuesto,15,9,12,0,NPK(S) liberación controlada / recubierto,15-9-12,"Uso especializado (viveros, ornamentales, cultivos de alto valor)",Común en distribuidores agroquímicos de Colombia (insumo genérico)
296,NPK recubierto liberación controlada 19-6-10 (6 meses),Compuesto,19,6,10,0,NPK(S) liberación controlada / recubierto,19-6-10,"Uso especializado (viveros, ornamentales, cultivos de alto valor)",Común en distribuidores agroquímicos de Colombia (insumo genérico)
297,NPK recubierto liberación controlada 22-4-11 (3 meses),Compuesto,22,4,11,0,NPK(S) liberación controlada / recubierto,22-4-11,"Uso especializado (viveros, ornamentales, cultivos de alto valor)",Común en distribuidores agroquímicos de Colombia (insumo genérico)
298,NPK recubierto liberación controlada 8-9-12 (12 meses),Compuesto,8,9,12,0,NPK(S) liberación controlada / recubierto,8-9-12,"Uso especializado (viveros, ornamentales, cultivos de alto valor)",Común en distribuidores agroquímicos de Colombia (insumo genérico)
299,Urea recubierta con polímero (liberación controlada),Simple,43,0,0,0,NPK(S) liberación controlada / recubierto,43-0-0,"Uso especializado (viveros, ornamentales, cultivos de alto valor)",Común en distribuidores agroquímicos de Colombia (insumo genérico)
300,NPK recubierto con azufre (SCF) 20-6-12-8S,Compuesto,20,6,12,8,NPK(S) liberación controlada / recubierto,20-6-12-8S,"Uso especializado (viveros, ornamentales, cultivos de alto valor)",Común en distribuidores agroquímicos de Colombia (insumo genérico)
301,NPK recubierto con azufre (SCF) 16-8-16-6S,Compuesto,16,8,16,6,NPK(S) liberación controlada / recubierto,16-8-16-6S,"Uso especializado (viveros, ornamentales, cultivos de alto valor)",Común en distribuidores agroquímicos de Colombia (insumo genérico)
302,NPK recubierto con azufre (SCF) 14-14-14-5S,Compuesto,14,14,14,5,NPK(S) liberación controlada / recubierto,14-14-14-5S,"Uso especializado (viveros, ornamentales, cultivos de alto valor)",Común en distribuidores agroquímicos de Colombia (insumo genérico)
303,NPK con inhibidor de ureasa 40-0-0,Simple,40,0,0,0,NPK(S) liberación controlada / recubierto,40-0-0,"Uso especializado (viveros, ornamentales, cultivos de alto valor)",Común en distribuidores agroquímicos de Colombia (insumo genérico)
304,NPK con inhibidor de nitrificación 25-5-10,Compuesto,25,5,10,0,NPK(S) liberación controlada / recubierto,25-5-10,"Uso especializado (viveros, ornamentales, cultivos de alto valor)",Común en distribuidores agroquímicos de Colombia (insumo genérico)
305,Organomineral NPK 8-4-4,Compuesto,8,4,4,0,NPK organomineral,8-4-4,Comercialización común (agricultura sostenible),Común en distribuidores agroquímicos de Colombia (insumo genérico)
306,Organomineral NPK 5-3-3,Compuesto,5,3,3,0,NPK organomineral,5-3-3,Comercialización común (agricultura sostenible),Común en distribuidores agroquímicos de Colombia (insumo genérico)
307,Organomineral NPK 4-4-4,Compuesto,4,4,4,0,NPK organomineral,4-4-4,Comercialización común (agricultura sostenible),Común en distribuidores agroquímicos de Colombia (insumo genérico)
308,Organomineral NPK 6-2-4,Compuesto,6,2,4,0,NPK organomineral,6-2-4,Comercialización común (agricultura sostenible),Común en distribuidores agroquímicos de Colombia (insumo genérico)
309,Organomineral NPK 3-6-6,Compuesto,3,6,6,0,NPK organomineral,3-6-6,Comercialización común (agricultura sostenible),Común en distribuidores agroquímicos de Colombia (insumo genérico)
310,Organomineral NPK 10-4-6,Compuesto,10,4,6,0,NPK organomineral,10-4-6,Comercialización común (agricultura sostenible),Común en distribuidores agroquímicos de Colombia (insumo genérico)
311,Organomineral a base de gallinaza NPK 3-3-2,Compuesto,3,3,2,0,NPK organomineral,3-3-2,Comercialización común (agricultura sostenible),Común en distribuidores agroquímicos de Colombia (insumo genérico)
312,Organomineral a base de compost NPK 2-2-2,Compuesto,2,2,2,0,NPK organomineral,2-2-2,Comercialización común (agricultura sostenible),Común en distribuidores agroquímicos de Colombia (insumo genérico)
313,Organomineral con ácidos húmicos NPK 6-6-6,Compuesto,6,6,6,0,NPK organomineral,6-6-6,Comercialización común (agricultura sostenible),Común en distribuidores agroquímicos de Colombia (insumo genérico)
314,Organomineral pelletizado NPK 5-5-10,Compuesto,5,5,10,0,NPK organomineral,5-5-10,Comercialización común (agricultura sostenible),Común en distribuidores agroquímicos de Colombia (insumo genérico)
315,Bocashi mineralizado NPK 2-3-2,Compuesto,2,3,2,0,NPK organomineral,2-3-2,Comercialización común (agricultura sostenible),Común en distribuidores agroquímicos de Colombia (insumo genérico)
316,Organomineral a base de vinaza NPK 0-0-5,Compuesto,0,0,5,0,NPK organomineral,0-0-5,Comercialización común (agricultura sostenible),Común en distribuidores agroquímicos de Colombia (insumo genérico)
317,NPK Café etapa de llenado 12-6-30-4S,Compuesto,12,6,30,4,NPK+S especializado (café - llenado de grano),12-6-30-4S,Comercialización común (formulación agroindustrial),Común en distribuidores agroquímicos de Colombia (insumo genérico)
318,NPK Café almácigo 15-30-15,Compuesto,15,30,15,0,NPK especializado (café - almácigo),15-30-15,Comercialización común (formulación agroindustrial),Común en distribuidores agroquímicos de Colombia (insumo genérico)
319,NPK Palma vivero 15-15-15+micros,Compuesto,15,15,15,0,NPK especializado (palma - vivero),15-15-15,Comercialización común (formulación agroindustrial),Común en distribuidores agroquímicos de Colombia (insumo genérico)
320,NPK Palma producción 13-4-30-4S-4MgO,Compuesto,13,4,30,4,NPK+S+Mg especializado (palma - producción),13-4-30-4S,Comercialización común (formulación agroindustrial),Común en distribuidores agroquímicos de Colombia (insumo genérico)
321,NPK Papa etapa de tuberización 10-10-30,Compuesto,10,10,30,0,NPK especializado (papa - tuberización),10-10-30,Comercialización común (formulación agroindustrial),Común en distribuidores agroquímicos de Colombia (insumo genérico)
322,NPK Caña de azúcar resiembra 18-8-20,Compuesto,18,8,20,0,NPK especializado (caña - resiembra),18-8-20,Comercialización común (formulación agroindustrial),Común en distribuidores agroquímicos de Colombia (insumo genérico)
323,NPK Arroz macollamiento 21-7-14,Compuesto,21,7,14,0,NPK especializado (arroz - macollamiento),21-7-14,Comercialización común (formulación agroindustrial),Común en distribuidores agroquímicos de Colombia (insumo genérico)
324,NPK Maíz llenado de grano 14-4-25,Compuesto,14,4,25,0,NPK especializado (maíz - llenado de grano),14-4-25,Comercialización común (formulación agroindustrial),Común en distribuidores agroquímicos de Colombia (insumo genérico)
325,NPK Banano ciclo de producción 16-4-24-3MgO,Compuesto,16,4,24,0,NPK+Mg especializado (banano - producción),16-4-24,Comercialización común (formulación agroindustrial),Común en distribuidores agroquímicos de Colombia (insumo genérico)
326,NPK Aguacate Hass floración 12-12-24-3MgO,Compuesto,12,12,24,0,NPK+Mg especializado (aguacate - floración),12-12-24,Comercialización común (formulación agroindustrial),Común en distribuidores agroquímicos de Colombia (insumo genérico)
327,NPK Cítricos amarre de fruto 10-10-30,Compuesto,10,10,30,0,NPK especializado (cítricos - amarre de fruto),10-10-30,Comercialización común (formulación agroindustrial),Común en distribuidores agroquímicos de Colombia (insumo genérico)
328,NPK Flores de corte enraizamiento 10-40-10,Compuesto,10,40,10,0,NPK especializado (floricultura - enraizamiento),10-40-10,Comercialización común (formulación agroindustrial),Común en distribuidores agroquímicos de Colombia (insumo genérico)
329,NPK Hortalizas de hoja 20-5-10,Compuesto,20,5,10,0,NPK especializado (hortalizas de hoja),20-5-10,Comercialización común (formulación agroindustrial),Común en distribuidores agroquímicos de Colombia (insumo genérico)
330,NPK Hortalizas de fruto 8-16-24,Compuesto,8,16,24,0,NPK especializado (hortalizas de fruto),8-16-24,Comercialización común (formulación agroindustrial),Común en distribuidores agroquímicos de Colombia (insumo genérico)
331,NPK Cacao almácigo 12-24-12,Compuesto,12,24,12,0,NPK especializado (cacao - almácigo),12-24-12,Comercialización común (formulación agroindustrial),Común en distribuidores agroquímicos de Colombia (insumo genérico)
332,NPK Cacao producción 18-6-18-3MgO,Compuesto,18,6,18,0,NPK+Mg especializado (cacao - producción),18-6-18,Comercialización común (formulación agroindustrial),Común en distribuidores agroquímicos de Colombia (insumo genérico)
333,NPK Frutales de clima frío 12-12-17-2MgO,Compuesto,12,12,17,0,"NPK+Mg especializado (mora, lulo, uchuva)",12-12-17,Comercialización común (formulación agroindustrial),Común en distribuidores agroquímicos de Colombia (insumo genérico)
334,NPK Uchuva 15-10-20,Compuesto,15,10,20,0,NPK especializado (uchuva),15-10-20,Comercialización común (formulación agroindustrial),Común en distribuidores agroquímicos de Colombia (insumo genérico)
335,NPK Mora de Castilla 14-8-22,Compuesto,14,8,22,0,NPK especializado (mora),14-8-22,Comercialización común (formulación agroindustrial),Común en distribuidores agroquímicos de Colombia (insumo genérico)
336,NPK Lulo 16-8-20,Compuesto,16,8,20,0,NPK especializado (lulo),16-8-20,Comercialización común (formulación agroindustrial),Común en distribuidores agroquímicos de Colombia (insumo genérico)
337,NPK Papa criolla 12-24-12,Compuesto,12,24,12,0,NPK especializado (papa criolla),12-24-12,Comercialización común (formulación agroindustrial),Común en distribuidores agroquímicos de Colombia (insumo genérico)
338,NPK Habichuela/arveja 10-20-20,Compuesto,10,20,20,0,NPK especializado (leguminosas de grano verde),10-20-20,Comercialización común (formulación agroindustrial),Común en distribuidores agroquímicos de Colombia (insumo genérico)
339,NPK Zanahoria/remolacha 12-16-20,Compuesto,12,16,20,0,NPK especializado (hortalizas de raíz),12-16-20,Comercialización común (formulación agroindustrial),Común en distribuidores agroquímicos de Colombia (insumo genérico)
340,NPK Cebolla 15-15-15,Compuesto,15,15,15,0,NPK especializado (cebolla),15-15-15,Comercialización común (formulación agroindustrial),Común en distribuidores agroquímicos de Colombia (insumo genérico)
341,NPK Ajo 12-24-12,Compuesto,12,24,12,0,NPK especializado (ajo),12-24-12,Comercialización común (formulación agroindustrial),Común en distribuidores agroquímicos de Colombia (insumo genérico)
342,NPK Espárrago 10-10-20,Compuesto,10,10,20,0,NPK especializado (espárrago),10-10-20,Comercialización común (formulación agroindustrial),Común en distribuidores agroquímicos de Colombia (insumo genérico)
343,NPK Melón/sandía 8-16-24,Compuesto,8,16,24,0,NPK especializado (cucurbitáceas),8-16-24,Comercialización común (formulación agroindustrial),Común en distribuidores agroquímicos de Colombia (insumo genérico)
344,NPK Pepino 12-12-24,Compuesto,12,12,24,0,NPK especializado (pepino),12-12-24,Comercialización común (formulación agroindustrial),Común en distribuidores agroquímicos de Colombia (insumo genérico)
345,NPK Pimentón/ají 14-10-24,Compuesto,14,10,24,0,NPK especializado (pimentón/ají),14-10-24,Comercialización común (formulación agroindustrial),Común en distribuidores agroquímicos de Colombia (insumo genérico)
346,NPK Berenjena 13-13-21,Compuesto,13,13,21,0,NPK especializado (berenjena),13-13-21,Comercialización común (formulación agroindustrial),Común en distribuidores agroquímicos de Colombia (insumo genérico)
347,NPK edáfico 6-16-20-3S grado agrícola,Compuesto,6,16,20,3,NPK(S) granulado - grado agrícola genérico,6-16-20-3S,Comercialización regional (catálogo genérico de mezcladoras),Formulación estándar de la industria; no verificada en el registro ICA
348,NPK edáfico 18-0-24 grado agrícola,Compuesto,18,0,24,0,NPK(S) granulado - grado agrícola genérico,18-0-24,Comercialización regional (catálogo genérico de mezcladoras),Formulación estándar de la industria; no verificada en el registro ICA
349,NPK edáfico 4-24-20 grado agrícola,Compuesto,4,24,20,0,NPK(S) granulado - grado agrícola genérico,4-24-20,Comercialización regional (catálogo genérico de mezcladoras),Formulación estándar de la industria; no verificada en el registro ICA
350,NPK edáfico 8-8-26 grado agrícola,Compuesto,8,8,26,0,NPK(S) granulado - grado agrícola genérico,8-8-26,Comercialización regional (catálogo genérico de mezcladoras),Formulación estándar de la industria; no verificada en el registro ICA
351,NPK edáfico 10-8-12-3S grado agrícola,Compuesto,10,8,12,3,NPK(S) granulado - grado agrícola genérico,10-8-12-3S,Comercialización regional (catálogo genérico de mezcladoras),Formulación estándar de la industria; no verificada en el registro ICA
352,NPK edáfico 10-10-28-3S grado agrícola,Compuesto,10,10,28,3,NPK(S) granulado - grado agrícola genérico,10-10-28-3S,Comercialización regional (catálogo genérico de mezcladoras),Formulación estándar de la industria; no verificada en el registro ICA
353,NPK edáfico 26-6-6 grado agrícola,Compuesto,26,6,6,0,NPK(S) granulado - grado agrícola genérico,26-6-6,Comercialización regional (catálogo genérico de mezcladoras),Formulación estándar de la industria; no verificada en el registro ICA
354,NPK edáfico 22-14-4 grado agrícola,Compuesto,22,14,4,0,NPK(S) granulado - grado agrícola genérico,22-14-4,Comercialización regional (catálogo genérico de mezcladoras),Formulación estándar de la industria; no verificada en el registro ICA
355,NPK edáfico 2-6-18 grado agrícola,Compuesto,2,6,18,0,NPK(S) granulado - grado agrícola genérico,2-6-18,Comercialización regional (catálogo genérico de mezcladoras),Formulación estándar de la industria; no verificada en el registro ICA
356,NPK edáfico 14-20-2-3S grado agrícola,Compuesto,14,20,2,3,NPK(S) granulado - grado agrícola genérico,14-20-2-3S,Comercialización regional (catálogo genérico de mezcladoras),Formulación estándar de la industria; no verificada en el registro ICA
357,NPK edáfico 14-26-2 grado agrícola,Compuesto,14,26,2,0,NPK(S) granulado - grado agrícola genérico,14-26-2,Comercialización regional (catálogo genérico de mezcladoras),Formulación estándar de la industria; no verificada en el registro ICA
358,NPK edáfico 14-10-22 grado agrícola,Compuesto,14,10,22,0,NPK(S) granulado - grado agrícola genérico,14-10-22,Comercialización regional (catálogo genérico de mezcladoras),Formulación estándar de la industria; no verificada en el registro ICA
359,NPK edáfico 22-8-24 grado agrícola,Compuesto,22,8,24,0,NPK(S) granulado - grado agrícola genérico,22-8-24,Comercialización regional (catálogo genérico de mezcladoras),Formulación estándar de la industria; no verificada en el registro ICA
360,NPK edáfico 30-8-8 grado agrícola,Compuesto,30,8,8,0,NPK(S) granulado - grado agrícola genérico,30-8-8,Comercialización regional (catálogo genérico de mezcladoras),Formulación estándar de la industria; no verificada en el registro ICA
361,NPK edáfico 28-0-6 grado agrícola,Compuesto,28,0,6,0,NPK(S) granulado - grado agrícola genérico,28-0-6,Comercialización regional (catálogo genérico de mezcladoras),Formulación estándar de la industria; no verificada en el registro ICA
362,NPK edáfico 10-22-10-3S grado agrícola,Compuesto,10,22,10,3,NPK(S) granulado - grado agrícola genérico,10-22-10-3S,Comercialización regional (catálogo genérico de mezcladoras),Formulación estándar de la industria; no verificada en el registro ICA
363,NPK edáfico 10-10-12 grado agrícola,Compuesto,10,10,12,0,NPK(S) granulado - grado agrícola genérico,10-10-12,Comercialización regional (catálogo genérico de mezcladoras),Formulación estándar de la industria; no verificada en el registro ICA
364,NPK edáfico 20-24-6 grado agrícola,Compuesto,20,24,6,0,NPK(S) granulado - grado agrícola genérico,20-24-6,Comercialización regional (catálogo genérico de mezcladoras),Formulación estándar de la industria; no verificada en el registro ICA
365,NPK edáfico 2-12-30 grado agrícola,Compuesto,2,12,30,0,NPK(S) granulado - grado agrícola genérico,2-12-30,Comercialización regional (catálogo genérico de mezcladoras),Formulación estándar de la industria; no verificada en el registro ICA
366,NPK edáfico 14-18-2 grado agrícola,Compuesto,14,18,2,0,NPK(S) granulado - grado agrícola genérico,14-18-2,Comercialización regional (catálogo genérico de mezcladoras),Formulación estándar de la industria; no verificada en el registro ICA
367,NPK edáfico 26-10-10 grado agrícola,Compuesto,26,10,10,0,NPK(S) granulado - grado agrícola genérico,26-10-10,Comercialización regional (catálogo genérico de mezcladoras),Formulación estándar de la industria; no verificada en el registro ICA
368,NPK edáfico 30-16-8 grado agrícola,Compuesto,30,16,8,0,NPK(S) granulado - grado agrícola genérico,30-16-8,Comercialización regional (catálogo genérico de mezcladoras),Formulación estándar de la industria; no verificada en el registro ICA
369,NPK edáfico 28-14-10 grado agrícola,Compuesto,28,14,10,0,NPK(S) granulado - grado agrícola genérico,28-14-10,Comercialización regional (catálogo genérico de mezcladoras),Formulación estándar de la industria; no verificada en el registro ICA
370,NPK edáfico 6-24-24 grado agrícola,Compuesto,6,24,24,0,NPK(S) granulado - grado agrícola genérico,6-24-24,Comercialización regional (catálogo genérico de mezcladoras),Formulación estándar de la industria; no verificada en el registro ICA
371,NPK edáfico 24-16-0 grado agrícola,Compuesto,24,16,0,0,NPK(S) granulado - grado agrícola genérico,24-16-0,Comercialización regional (catálogo genérico de mezcladoras),Formulación estándar de la industria; no verificada en el registro ICA
372,NPK edáfico 24-18-0 grado agrícola,Compuesto,24,18,0,0,NPK(S) granulado - grado agrícola genérico,24-18-0,Comercialización regional (catálogo genérico de mezcladoras),Formulación estándar de la industria; no verificada en el registro ICA
373,NPK edáfico 8-16-6-3S grado agrícola,Compuesto,8,16,6,3,NPK(S) granulado - grado agrícola genérico,8-16-6-3S,Comercialización regional (catálogo genérico de mezcladoras),Formulación estándar de la industria; no verificada en el registro ICA
374,NPK edáfico 12-14-22 grado agrícola,Compuesto,12,14,22,0,NPK(S) granulado - grado agrícola genérico,12-14-22,Comercialización regional (catálogo genérico de mezcladoras),Formulación estándar de la industria; no verificada en el registro ICA
375,NPK edáfico 14-30-10 grado agrícola,Compuesto,14,30,10,0,NPK(S) granulado - grado agrícola genérico,14-30-10,Comercialización regional (catálogo genérico de mezcladoras),Formulación estándar de la industria; no verificada en el registro ICA
376,NPK edáfico 0-20-28 grado agrícola,Compuesto,0,20,28,0,NPK(S) granulado - grado agrícola genérico,0-20-28,Comercialización regional (catálogo genérico de mezcladoras),Formulación estándar de la industria; no verificada en el registro ICA
377,NPK edáfico 24-10-4 grado agrícola,Compuesto,24,10,4,0,NPK(S) granulado - grado agrícola genérico,24-10-4,Comercialización regional (catálogo genérico de mezcladoras),Formulación estándar de la industria; no verificada en el registro ICA
378,NPK edáfico 18-12-4 grado agrícola,Compuesto,18,12,4,0,NPK(S) granulado - grado agrícola genérico,18-12-4,Comercialización regional (catálogo genérico de mezcladoras),Formulación estándar de la industria; no verificada en el registro ICA
379,NPK edáfico 30-8-2 grado agrícola,Compuesto,30,8,2,0,NPK(S) granulado - grado agrícola genérico,30-8-2,Comercialización regional (catálogo genérico de mezcladoras),Formulación estándar de la industria; no verificada en el registro ICA
380,NPK edáfico 16-10-22 grado agrícola,Compuesto,16,10,22,0,NPK(S) granulado - grado agrícola genérico,16-10-22,Comercialización regional (catálogo genérico de mezcladoras),Formulación estándar de la industria; no verificada en el registro ICA
381,NPK edáfico 20-2-6 grado agrícola,Compuesto,20,2,6,0,NPK(S) granulado - grado agrícola genérico,20-2-6,Comercialización regional (catálogo genérico de mezcladoras),Formulación estándar de la industria; no verificada en el registro ICA
382,NPK edáfico 20-22-6 grado agrícola,Compuesto,20,22,6,0,NPK(S) granulado - grado agrícola genérico,20-22-6,Comercialización regional (catálogo genérico de mezcladoras),Formulación estándar de la industria; no verificada en el registro ICA
383,NPK edáfico 18-16-6 grado agrícola,Compuesto,18,16,6,0,NPK(S) granulado - grado agrícola genérico,18-16-6,Comercialización regional (catálogo genérico de mezcladoras),Formulación estándar de la industria; no verificada en el registro ICA
384,NPK edáfico 18-6-16 grado agrícola,Compuesto,18,6,16,0,NPK(S) granulado - grado agrícola genérico,18-6-16,Comercialización regional (catálogo genérico de mezcladoras),Formulación estándar de la industria; no verificada en el registro ICA
385,NPK edáfico 4-6-12 grado agrícola,Compuesto,4,6,12,0,NPK(S) granulado - grado agrícola genérico,4-6-12,Comercialización regional (catálogo genérico de mezcladoras),Formulación estándar de la industria; no verificada en el registro ICA
386,NPK edáfico 16-16-6 grado agrícola,Compuesto,16,16,6,0,NPK(S) granulado - grado agrícola genérico,16-16-6,Comercialización regional (catálogo genérico de mezcladoras),Formulación estándar de la industria; no verificada en el registro ICA
387,NPK edáfico 6-16-16 grado agrícola,Compuesto,6,16,16,0,NPK(S) granulado - grado agrícola genérico,6-16-16,Comercialización regional (catálogo genérico de mezcladoras),Formulación estándar de la industria; no verificada en el registro ICA
388,NPK edáfico 16-24-8-3S grado agrícola,Compuesto,16,24,8,3,NPK(S) granulado - grado agrícola genérico,16-24-8-3S,Comercialización regional (catálogo genérico de mezcladoras),Formulación estándar de la industria; no verificada en el registro ICA
389,NPK edáfico 12-18-12-3S grado agrícola,Compuesto,12,18,12,3,NPK(S) granulado - grado agrícola genérico,12-18-12-3S,Comercialización regional (catálogo genérico de mezcladoras),Formulación estándar de la industria; no verificada en el registro ICA
390,NPK edáfico 16-4-18 grado agrícola,Compuesto,16,4,18,0,NPK(S) granulado - grado agrícola genérico,16-4-18,Comercialización regional (catálogo genérico de mezcladoras),Formulación estándar de la industria; no verificada en el registro ICA
391,NPK edáfico 22-4-12 grado agrícola,Compuesto,22,4,12,0,NPK(S) granulado - grado agrícola genérico,22-4-12,Comercialización regional (catálogo genérico de mezcladoras),Formulación estándar de la industria; no verificada en el registro ICA
392,NPK edáfico 18-4-20-3S grado agrícola,Compuesto,18,4,20,3,NPK(S) granulado - grado agrícola genérico,18-4-20-3S,Comercialización regional (catálogo genérico de mezcladoras),Formulación estándar de la industria; no verificada en el registro ICA
393,NPK edáfico 8-14-20 grado agrícola,Compuesto,8,14,20,0,NPK(S) granulado - grado agrícola genérico,8-14-20,Comercialización regional (catálogo genérico de mezcladoras),Formulación estándar de la industria; no verificada en el registro ICA
394,NPK edáfico 10-30-0 grado agrícola,Compuesto,10,30,0,0,NPK(S) granulado - grado agrícola genérico,10-30-0,Comercialización regional (catálogo genérico de mezcladoras),Formulación estándar de la industria; no verificada en el registro ICA
395,NPK edáfico 30-0-12 grado agrícola,Compuesto,30,0,12,0,NPK(S) granulado - grado agrícola genérico,30-0-12,Comercialización regional (catálogo genérico de mezcladoras),Formulación estándar de la industria; no verificada en el registro ICA
396,NPK edáfico 0-2-28-3S grado agrícola,Compuesto,0,2,28,3,NPK(S) granulado - grado agrícola genérico,0-2-28-3S,Comercialización regional (catálogo genérico de mezcladoras),Formulación estándar de la industria; no verificada en el registro ICA
397,NPK edáfico 10-10-8 grado agrícola,Compuesto,10,10,8,0,NPK(S) granulado - grado agrícola genérico,10-10-8,Comercialización regional (catálogo genérico de mezcladoras),Formulación estándar de la industria; no verificada en el registro ICA
398,NPK edáfico 28-12-4 grado agrícola,Compuesto,28,12,4,0,NPK(S) granulado - grado agrícola genérico,28-12-4,Comercialización regional (catálogo genérico de mezcladoras),Formulación estándar de la industria; no verificada en el registro ICA
399,NPK edáfico 10-6-22 grado agrícola,Compuesto,10,6,22,0,NPK(S) granulado - grado agrícola genérico,10-6-22,Comercialización regional (catálogo genérico de mezcladoras),Formulación estándar de la industria; no verificada en el registro ICA
400,NPK edáfico 2-16-28 grado agrícola,Compuesto,2,16,28,0,NPK(S) granulado - grado agrícola genérico,2-16-28,Comercialización regional (catálogo genérico de mezcladoras),Formulación estándar de la industria; no verificada en el registro ICA
401,NPK edáfico 6-22-0 grado agrícola,Compuesto,6,22,0,0,NPK(S) granulado - grado agrícola genérico,6-22-0,Comercialización regional (catálogo genérico de mezcladoras),Formulación estándar de la industria; no verificada en el registro ICA
402,NPK edáfico 12-30-12 grado agrícola,Compuesto,12,30,12,0,NPK(S) granulado - grado agrícola genérico,12-30-12,Comercialización regional (catálogo genérico de mezcladoras),Formulación estándar de la industria; no verificada en el registro ICA
403,NPK edáfico 6-30-18 grado agrícola,Compuesto,6,30,18,0,NPK(S) granulado - grado agrícola genérico,6-30-18,Comercialización regional (catálogo genérico de mezcladoras),Formulación estándar de la industria; no verificada en el registro ICA
404,NPK edáfico 12-4-8-3S grado agrícola,Compuesto,12,4,8,3,NPK(S) granulado - grado agrícola genérico,12-4-8-3S,Comercialización regional (catálogo genérico de mezcladoras),Formulación estándar de la industria; no verificada en el registro ICA
405,NPK edáfico 24-16-6 grado agrícola,Compuesto,24,16,6,0,NPK(S) granulado - grado agrícola genérico,24-16-6,Comercialización regional (catálogo genérico de mezcladoras),Formulación estándar de la industria; no verificada en el registro ICA
406,NPK edáfico 30-14-4-3S grado agrícola,Compuesto,30,14,4,3,NPK(S) granulado - grado agrícola genérico,30-14-4-3S,Comercialización regional (catálogo genérico de mezcladoras),Formulación estándar de la industria; no verificada en el registro ICA
407,NPK edáfico 18-18-6-3S grado agrícola,Compuesto,18,18,6,3,NPK(S) granulado - grado agrícola genérico,18-18-6-3S,Comercialización regional (catálogo genérico de mezcladoras),Formulación estándar de la industria; no verificada en el registro ICA
408,NPK edáfico 14-18-10 grado agrícola,Compuesto,14,18,10,0,NPK(S) granulado - grado agrícola genérico,14-18-10,Comercialización regional (catálogo genérico de mezcladoras),Formulación estándar de la industria; no verificada en el registro ICA
409,NPK edáfico 20-20-14 grado agrícola,Compuesto,20,20,14,0,NPK(S) granulado - grado agrícola genérico,20-20-14,Comercialización regional (catálogo genérico de mezcladoras),Formulación estándar de la industria; no verificada en el registro ICA
410,NPK edáfico 6-16-0 grado agrícola,Compuesto,6,16,0,0,NPK(S) granulado - grado agrícola genérico,6-16-0,Comercialización regional (catálogo genérico de mezcladoras),Formulación estándar de la industria; no verificada en el registro ICA
411,NPK edáfico 4-26-22 grado agrícola,Compuesto,4,26,22,0,NPK(S) granulado - grado agrícola genérico,4-26-22,Comercialización regional (catálogo genérico de mezcladoras),Formulación estándar de la industria; no verificada en el registro ICA
412,NPK edáfico 8-4-8 grado agrícola,Compuesto,8,4,8,0,NPK(S) granulado - grado agrícola genérico,8-4-8,Comercialización regional (catálogo genérico de mezcladoras),Formulación estándar de la industria; no verificada en el registro ICA
413,NPK edáfico 14-4-22 grado agrícola,Compuesto,14,4,22,0,NPK(S) granulado - grado agrícola genérico,14-4-22,Comercialización regional (catálogo genérico de mezcladoras),Formulación estándar de la industria; no verificada en el registro ICA
414,NPK edáfico 14-26-8 grado agrícola,Compuesto,14,26,8,0,NPK(S) granulado - grado agrícola genérico,14-26-8,Comercialización regional (catálogo genérico de mezcladoras),Formulación estándar de la industria; no verificada en el registro ICA
415,NPK edáfico 0-2-30 grado agrícola,Compuesto,0,2,30,0,NPK(S) granulado - grado agrícola genérico,0-2-30,Comercialización regional (catálogo genérico de mezcladoras),Formulación estándar de la industria; no verificada en el registro ICA
416,NPK edáfico 12-6-30 grado agrícola,Compuesto,12,6,30,0,NPK(S) granulado - grado agrícola genérico,12-6-30,Comercialización regional (catálogo genérico de mezcladoras),Formulación estándar de la industria; no verificada en el registro ICA
417,NPK edáfico 6-8-26 grado agrícola,Compuesto,6,8,26,0,NPK(S) granulado - grado agrícola genérico,6-8-26,Comercialización regional (catálogo genérico de mezcladoras),Formulación estándar de la industria; no verificada en el registro ICA
418,NPK edáfico 4-20-2 grado agrícola,Compuesto,4,20,2,0,NPK(S) granulado - grado agrícola genérico,4-20-2,Comercialización regional (catálogo genérico de mezcladoras),Formulación estándar de la industria; no verificada en el registro ICA
419,NPK edáfico 24-0-26 grado agrícola,Compuesto,24,0,26,0,NPK(S) granulado - grado agrícola genérico,24-0-26,Comercialización regional (catálogo genérico de mezcladoras),Formulación estándar de la industria; no verificada en el registro ICA
420,NPK edáfico 14-26-0 grado agrícola,Compuesto,14,26,0,0,NPK(S) granulado - grado agrícola genérico,14-26-0,Comercialización regional (catálogo genérico de mezcladoras),Formulación estándar de la industria; no verificada en el registro ICA
421,NPK edáfico 10-22-8 grado agrícola,Compuesto,10,22,8,0,NPK(S) granulado - grado agrícola genérico,10-22-8,Comercialización regional (catálogo genérico de mezcladoras),Formulación estándar de la industria; no verificada en el registro ICA
422,NPK edáfico 10-24-4 grado agrícola,Compuesto,10,24,4,0,NPK(S) granulado - grado agrícola genérico,10-24-4,Comercialización regional (catálogo genérico de mezcladoras),Formulación estándar de la industria; no verificada en el registro ICA
423,NPK edáfico 4-16-18 grado agrícola,Compuesto,4,16,18,0,NPK(S) granulado - grado agrícola genérico,4-16-18,Comercialización regional (catálogo genérico de mezcladoras),Formulación estándar de la industria; no verificada en el registro ICA
424,NPK edáfico 16-4-26 grado agrícola,Compuesto,16,4,26,0,NPK(S) granulado - grado agrícola genérico,16-4-26,Comercialización regional (catálogo genérico de mezcladoras),Formulación estándar de la industria; no verificada en el registro ICA
425,NPK edáfico 26-2-6 grado agrícola,Compuesto,26,2,6,0,NPK(S) granulado - grado agrícola genérico,26-2-6,Comercialización regional (catálogo genérico de mezcladoras),Formulación estándar de la industria; no verificada en el registro ICA
426,NPK edáfico 10-0-16 grado agrícola,Compuesto,10,0,16,0,NPK(S) granulado - grado agrícola genérico,10-0-16,Comercialización regional (catálogo genérico de mezcladoras),Formulación estándar de la industria; no verificada en el registro ICA
427,NPK edáfico 0-18-20 grado agrícola,Compuesto,0,18,20,0,NPK(S) granulado - grado agrícola genérico,0-18-20,Comercialización regional (catálogo genérico de mezcladoras),Formulación estándar de la industria; no verificada en el registro ICA
428,NPK edáfico 20-0-14 grado agrícola,Compuesto,20,0,14,0,NPK(S) granulado - grado agrícola genérico,20-0-14,Comercialización regional (catálogo genérico de mezcladoras),Formulación estándar de la industria; no verificada en el registro ICA
429,NPK edáfico 18-22-2-3S grado agrícola,Compuesto,18,22,2,3,NPK(S) granulado - grado agrícola genérico,18-22-2-3S,Comercialización regional (catálogo genérico de mezcladoras),Formulación estándar de la industria; no verificada en el registro ICA
430,NPK edáfico 4-14-4 grado agrícola,Compuesto,4,14,4,0,NPK(S) granulado - grado agrícola genérico,4-14-4,Comercialización regional (catálogo genérico de mezcladoras),Formulación estándar de la industria; no verificada en el registro ICA
431,NPK edáfico 12-4-14 grado agrícola,Compuesto,12,4,14,0,NPK(S) granulado - grado agrícola genérico,12-4-14,Comercialización regional (catálogo genérico de mezcladoras),Formulación estándar de la industria; no verificada en el registro ICA
432,NPK edáfico 6-10-6 grado agrícola,Compuesto,6,10,6,0,NPK(S) granulado - grado agrícola genérico,6-10-6,Comercialización regional (catálogo genérico de mezcladoras),Formulación estándar de la industria; no verificada en el registro ICA
433,NPK edáfico 0-4-22 grado agrícola,Compuesto,0,4,22,0,NPK(S) granulado - grado agrícola genérico,0-4-22,Comercialización regional (catálogo genérico de mezcladoras),Formulación estándar de la industria; no verificada en el registro ICA
434,NPK edáfico 22-10-16-3S grado agrícola,Compuesto,22,10,16,3,NPK(S) granulado - grado agrícola genérico,22-10-16-3S,Comercialización regional (catálogo genérico de mezcladoras),Formulación estándar de la industria; no verificada en el registro ICA
435,NPK edáfico 14-10-26 grado agrícola,Compuesto,14,10,26,0,NPK(S) granulado - grado agrícola genérico,14-10-26,Comercialización regional (catálogo genérico de mezcladoras),Formulación estándar de la industria; no verificada en el registro ICA
436,NPK edáfico 12-26-8 grado agrícola,Compuesto,12,26,8,0,NPK(S) granulado - grado agrícola genérico,12-26-8,Comercialización regional (catálogo genérico de mezcladoras),Formulación estándar de la industria; no verificada en el registro ICA
437,NPK edáfico 24-24-0 grado agrícola,Compuesto,24,24,0,0,NPK(S) granulado - grado agrícola genérico,24-24-0,Comercialización regional (catálogo genérico de mezcladoras),Formulación estándar de la industria; no verificada en el registro ICA
438,NPK edáfico 2-20-12 grado agrícola,Compuesto,2,20,12,0,NPK(S) granulado - grado agrícola genérico,2-20-12,Comercialización regional (catálogo genérico de mezcladoras),Formulación estándar de la industria; no verificada en el registro ICA
439,NPK edáfico 2-14-22 grado agrícola,Compuesto,2,14,22,0,NPK(S) granulado - grado agrícola genérico,2-14-22,Comercialización regional (catálogo genérico de mezcladoras),Formulación estándar de la industria; no verificada en el registro ICA
440,NPK edáfico 26-2-0 grado agrícola,Compuesto,26,2,0,0,NPK(S) granulado - grado agrícola genérico,26-2-0,Comercialización regional (catálogo genérico de mezcladoras),Formulación estándar de la industria; no verificada en el registro ICA
441,NPK edáfico 22-8-8 grado agrícola,Compuesto,22,8,8,0,NPK(S) granulado - grado agrícola genérico,22-8-8,Comercialización regional (catálogo genérico de mezcladoras),Formulación estándar de la industria; no verificada en el registro ICA
442,NPK edáfico 24-4-10 grado agrícola,Compuesto,24,4,10,0,NPK(S) granulado - grado agrícola genérico,24-4-10,Comercialización regional (catálogo genérico de mezcladoras),Formulación estándar de la industria; no verificada en el registro ICA
443,NPK edáfico 12-0-30-3S grado agrícola,Compuesto,12,0,30,3,NPK(S) granulado - grado agrícola genérico,12-0-30-3S,Comercialización regional (catálogo genérico de mezcladoras),Formulación estándar de la industria; no verificada en el registro ICA
444,NPK edáfico 24-16-8-3S grado agrícola,Compuesto,24,16,8,3,NPK(S) granulado - grado agrícola genérico,24-16-8-3S,Comercialización regional (catálogo genérico de mezcladoras),Formulación estándar de la industria; no verificada en el registro ICA
445,NPK edáfico 20-28-2 grado agrícola,Compuesto,20,28,2,0,NPK(S) granulado - grado agrícola genérico,20-28-2,Comercialización regional (catálogo genérico de mezcladoras),Formulación estándar de la industria; no verificada en el registro ICA
446,NPK edáfico 0-0-16 grado agrícola,Compuesto,0,0,16,0,NPK(S) granulado - grado agrícola genérico,0-0-16,Comercialización regional (catálogo genérico de mezcladoras),Formulación estándar de la industria; no verificada en el registro ICA
447,NPK edáfico 20-22-4 grado agrícola,Compuesto,20,22,4,0,NPK(S) granulado - grado agrícola genérico,20-22-4,Comercialización regional (catálogo genérico de mezcladoras),Formulación estándar de la industria; no verificada en el registro ICA
448,NPK edáfico 10-22-4-3S grado agrícola,Compuesto,10,22,4,3,NPK(S) granulado - grado agrícola genérico,10-22-4-3S,Comercialización regional (catálogo genérico de mezcladoras),Formulación estándar de la industria; no verificada en el registro ICA
449,NPK edáfico 4-28-0 grado agrícola,Compuesto,4,28,0,0,NPK(S) granulado - grado agrícola genérico,4-28-0,Comercialización regional (catálogo genérico de mezcladoras),Formulación estándar de la industria; no verificada en el registro ICA
450,NPK edáfico 12-10-8 grado agrícola,Compuesto,12,10,8,0,NPK(S) granulado - grado agrícola genérico,12-10-8,Comercialización regional (catálogo genérico de mezcladoras),Formulación estándar de la industria; no verificada en el registro ICA
451,NPK edáfico 26-14-6 grado agrícola,Compuesto,26,14,6,0,NPK(S) granulado - grado agrícola genérico,26-14-6,Comercialización regional (catálogo genérico de mezcladoras),Formulación estándar de la industria; no verificada en el registro ICA
452,NPK edáfico 2-14-14-3S grado agrícola,Compuesto,2,14,14,3,NPK(S) granulado - grado agrícola genérico,2-14-14-3S,Comercialización regional (catálogo genérico de mezcladoras),Formulación estándar de la industria; no verificada en el registro ICA
453,NPK edáfico 20-10-16 grado agrícola,Compuesto,20,10,16,0,NPK(S) granulado - grado agrícola genérico,20-10-16,Comercialización regional (catálogo genérico de mezcladoras),Formulación estándar de la industria; no verificada en el registro ICA
454,NPK edáfico 22-2-18 grado agrícola,Compuesto,22,2,18,0,NPK(S) granulado - grado agrícola genérico,22-2-18,Comercialización regional (catálogo genérico de mezcladoras),Formulación estándar de la industria; no verificada en el registro ICA
455,NPK edáfico 24-18-10 grado agrícola,Compuesto,24,18,10,0,NPK(S) granulado - grado agrícola genérico,24-18-10,Comercialización regional (catálogo genérico de mezcladoras),Formulación estándar de la industria; no verificada en el registro ICA
456,NPK edáfico 26-0-2 grado agrícola,Compuesto,26,0,2,0,NPK(S) granulado - grado agrícola genérico,26-0-2,Comercialización regional (catálogo genérico de mezcladoras),Formulación estándar de la industria; no verificada en el registro ICA
457,NPK edáfico 20-12-10 grado agrícola,Compuesto,20,12,10,0,NPK(S) granulado - grado agrícola genérico,20-12-10,Comercialización regional (catálogo genérico de mezcladoras),Formulación estándar de la industria; no verificada en el registro ICA
458,NPK edáfico 16-22-14 grado agrícola,Compuesto,16,22,14,0,NPK(S) granulado - grado agrícola genérico,16-22-14,Comercialización regional (catálogo genérico de mezcladoras),Formulación estándar de la industria; no verificada en el registro ICA
459,NPK edáfico 22-6-8-3S grado agrícola,Compuesto,22,6,8,3,NPK(S) granulado - grado agrícola genérico,22-6-8-3S,Comercialización regional (catálogo genérico de mezcladoras),Formulación estándar de la industria; no verificada en el registro ICA
460,NPK edáfico 18-14-22 grado agrícola,Compuesto,18,14,22,0,NPK(S) granulado - grado agrícola genérico,18-14-22,Comercialización regional (catálogo genérico de mezcladoras),Formulación estándar de la industria; no verificada en el registro ICA
461,NPK edáfico 2-20-16 grado agrícola,Compuesto,2,20,16,0,NPK(S) granulado - grado agrícola genérico,2-20-16,Comercialización regional (catálogo genérico de mezcladoras),Formulación estándar de la industria; no verificada en el registro ICA
462,NPK edáfico 4-6-18 grado agrícola,Compuesto,4,6,18,0,NPK(S) granulado - grado agrícola genérico,4-6-18,Comercialización regional (catálogo genérico de mezcladoras),Formulación estándar de la industria; no verificada en el registro ICA
463,NPK edáfico 22-10-14 grado agrícola,Compuesto,22,10,14,0,NPK(S) granulado - grado agrícola genérico,22-10-14,Comercialización regional (catálogo genérico de mezcladoras),Formulación estándar de la industria; no verificada en el registro ICA
464,NPK edáfico 18-16-0 grado agrícola,Compuesto,18,16,0,0,NPK(S) granulado - grado agrícola genérico,18-16-0,Comercialización regional (catálogo genérico de mezcladoras),Formulación estándar de la industria; no verificada en el registro ICA
465,NPK edáfico 22-6-4 grado agrícola,Compuesto,22,6,4,0,NPK(S) granulado - grado agrícola genérico,22-6-4,Comercialización regional (catálogo genérico de mezcladoras),Formulación estándar de la industria; no verificada en el registro ICA
466,NPK edáfico 16-10-12 grado agrícola,Compuesto,16,10,12,0,NPK(S) granulado - grado agrícola genérico,16-10-12,Comercialización regional (catálogo genérico de mezcladoras),Formulación estándar de la industria; no verificada en el registro ICA
467,NPK edáfico 10-8-28 grado agrícola,Compuesto,10,8,28,0,NPK(S) granulado - grado agrícola genérico,10-8-28,Comercialización regional (catálogo genérico de mezcladoras),Formulación estándar de la industria; no verificada en el registro ICA
468,NPK edáfico 4-26-20 grado agrícola,Compuesto,4,26,20,0,NPK(S) granulado - grado agrícola genérico,4-26-20,Comercialización regional (catálogo genérico de mezcladoras),Formulación estándar de la industria; no verificada en el registro ICA
469,NPK edáfico 0-24-12 grado agrícola,Compuesto,0,24,12,0,NPK(S) granulado - grado agrícola genérico,0-24-12,Comercialización regional (catálogo genérico de mezcladoras),Formulación estándar de la industria; no verificada en el registro ICA
470,NPK edáfico 20-2-28 grado agrícola,Compuesto,20,2,28,0,NPK(S) granulado - grado agrícola genérico,20-2-28,Comercialización regional (catálogo genérico de mezcladoras),Formulación estándar de la industria; no verificada en el registro ICA
471,NPK edáfico 10-16-22-3S grado agrícola,Compuesto,10,16,22,3,NPK(S) granulado - grado agrícola genérico,10-16-22-3S,Comercialización regional (catálogo genérico de mezcladoras),Formulación estándar de la industria; no verificada en el registro ICA
472,NPK edáfico 20-2-22 grado agrícola,Compuesto,20,2,22,0,NPK(S) granulado - grado agrícola genérico,20-2-22,Comercialización regional (catálogo genérico de mezcladoras),Formulación estándar de la industria; no verificada en el registro ICA
473,NPK edáfico 22-18-10 grado agrícola,Compuesto,22,18,10,0,NPK(S) granulado - grado agrícola genérico,22-18-10,Comercialización regional (catálogo genérico de mezcladoras),Formulación estándar de la industria; no verificada en el registro ICA
474,NPK edáfico 16-10-14 grado agrícola,Compuesto,16,10,14,0,NPK(S) granulado - grado agrícola genérico,16-10-14,Comercialización regional (catálogo genérico de mezcladoras),Formulación estándar de la industria; no verificada en el registro ICA
475,NPK edáfico 12-18-16 grado agrícola,Compuesto,12,18,16,0,NPK(S) granulado - grado agrícola genérico,12-18-16,Comercialización regional (catálogo genérico de mezcladoras),Formulación estándar de la industria; no verificada en el registro ICA
476,NPK edáfico 30-12-2 grado agrícola,Compuesto,30,12,2,0,NPK(S) granulado - grado agrícola genérico,30-12-2,Comercialización regional (catálogo genérico de mezcladoras),Formulación estándar de la industria; no verificada en el registro ICA
477,NPK edáfico 8-4-6 grado agrícola,Compuesto,8,4,6,0,NPK(S) granulado - grado agrícola genérico,8-4-6,Comercialización regional (catálogo genérico de mezcladoras),Formulación estándar de la industria; no verificada en el registro ICA
478,NPK edáfico 10-8-10 grado agrícola,Compuesto,10,8,10,0,NPK(S) granulado - grado agrícola genérico,10-8-10,Comercialización regional (catálogo genérico de mezcladoras),Formulación estándar de la industria; no verificada en el registro ICA
479,NPK edáfico 30-2-4-3S grado agrícola,Compuesto,30,2,4,3,NPK(S) granulado - grado agrícola genérico,30-2-4-3S,Comercialización regional (catálogo genérico de mezcladoras),Formulación estándar de la industria; no verificada en el registro ICA
480,NPK edáfico 6-6-18 grado agrícola,Compuesto,6,6,18,0,NPK(S) granulado - grado agrícola genérico,6-6-18,Comercialización regional (catálogo genérico de mezcladoras),Formulación estándar de la industria; no verificada en el registro ICA
481,NPK edáfico 22-0-6 grado agrícola,Compuesto,22,0,6,0,NPK(S) granulado - grado agrícola genérico,22-0-6,Comercialización regional (catálogo genérico de mezcladoras),Formulación estándar de la industria; no verificada en el registro ICA
482,NPK edáfico 28-18-8 grado agrícola,Compuesto,28,18,8,0,NPK(S) granulado - grado agrícola genérico,28-18-8,Comercialización regional (catálogo genérico de mezcladoras),Formulación estándar de la industria; no verificada en el registro ICA
483,NPK edáfico 8-18-24 grado agrícola,Compuesto,8,18,24,0,NPK(S) granulado - grado agrícola genérico,8-18-24,Comercialización regional (catálogo genérico de mezcladoras),Formulación estándar de la industria; no verificada en el registro ICA
484,NPK edáfico 4-20-0 grado agrícola,Compuesto,4,20,0,0,NPK(S) granulado - grado agrícola genérico,4-20-0,Comercialización regional (catálogo genérico de mezcladoras),Formulación estándar de la industria; no verificada en el registro ICA
485,NPK edáfico 6-28-2-3S grado agrícola,Compuesto,6,28,2,3,NPK(S) granulado - grado agrícola genérico,6-28-2-3S,Comercialización regional (catálogo genérico de mezcladoras),Formulación estándar de la industria; no verificada en el registro ICA
486,NPK edáfico 6-0-26 grado agrícola,Compuesto,6,0,26,0,NPK(S) granulado - grado agrícola genérico,6-0-26,Comercialización regional (catálogo genérico de mezcladoras),Formulación estándar de la industria; no verificada en el registro ICA
487,NPK edáfico 4-26-4 grado agrícola,Compuesto,4,26,4,0,NPK(S) granulado - grado agrícola genérico,4-26-4,Comercialización regional (catálogo genérico de mezcladoras),Formulación estándar de la industria; no verificada en el registro ICA
488,NPK edáfico 20-10-18 grado agrícola,Compuesto,20,10,18,0,NPK(S) granulado - grado agrícola genérico,20-10-18,Comercialización regional (catálogo genérico de mezcladoras),Formulación estándar de la industria; no verificada en el registro ICA
489,NPK edáfico 2-16-2 grado agrícola,Compuesto,2,16,2,0,NPK(S) granulado - grado agrícola genérico,2-16-2,Comercialización regional (catálogo genérico de mezcladoras),Formulación estándar de la industria; no verificada en el registro ICA
490,NPK edáfico 6-6-22 grado agrícola,Compuesto,6,6,22,0,NPK(S) granulado - grado agrícola genérico,6-6-22,Comercialización regional (catálogo genérico de mezcladoras),Formulación estándar de la industria; no verificada en el registro ICA
491,NPK edáfico 10-4-16 grado agrícola,Compuesto,10,4,16,0,NPK(S) granulado - grado agrícola genérico,10-4-16,Comercialización regional (catálogo genérico de mezcladoras),Formulación estándar de la industria; no verificada en el registro ICA
492,NPK edáfico 0-18-16 grado agrícola,Compuesto,0,18,16,0,NPK(S) granulado - grado agrícola genérico,0-18-16,Comercialización regional (catálogo genérico de mezcladoras),Formulación estándar de la industria; no verificada en el registro ICA
493,NPK edáfico 4-20-6-3S grado agrícola,Compuesto,4,20,6,3,NPK(S) granulado - grado agrícola genérico,4-20-6-3S,Comercialización regional (catálogo genérico de mezcladoras),Formulación estándar de la industria; no verificada en el registro ICA
494,NPK edáfico 22-14-8 grado agrícola,Compuesto,22,14,8,0,NPK(S) granulado - grado agrícola genérico,22-14-8,Comercialización regional (catálogo genérico de mezcladoras),Formulación estándar de la industria; no verificada en el registro ICA
495,NPK edáfico 18-10-16 grado agrícola,Compuesto,18,10,16,0,NPK(S) granulado - grado agrícola genérico,18-10-16,Comercialización regional (catálogo genérico de mezcladoras),Formulación estándar de la industria; no verificada en el registro ICA
496,NPK edáfico 10-16-8 grado agrícola,Compuesto,10,16,8,0,NPK(S) granulado - grado agrícola genérico,10-16-8,Comercialización regional (catálogo genérico de mezcladoras),Formulación estándar de la industria; no verificada en el registro ICA
497,NPK edáfico 18-0-18-3S grado agrícola,Compuesto,18,0,18,3,NPK(S) granulado - grado agrícola genérico,18-0-18-3S,Comercialización regional (catálogo genérico de mezcladoras),Formulación estándar de la industria; no verificada en el registro ICA
498,NPK edáfico 4-18-4 grado agrícola,Compuesto,4,18,4,0,NPK(S) granulado - grado agrícola genérico,4-18-4,Comercialización regional (catálogo genérico de mezcladoras),Formulación estándar de la industria; no verificada en el registro ICA
499,NPK edáfico 0-30-0-3S grado agrícola,Compuesto,0,30,0,3,NPK(S) granulado - grado agrícola genérico,0-30-0-3S,Comercialización regional (catálogo genérico de mezcladoras),Formulación estándar de la industria; no verificada en el registro ICA
500,NPK edáfico 6-22-14-3S grado agrícola,Compuesto,6,22,14,3,NPK(S) granulado - grado agrícola genérico,6-22-14-3S,Comercialización regional (catálogo genérico de mezcladoras),Formulación estándar de la industria; no verificada en el registro ICA
