source_id,name,nutrient_id,pct,density_kg_l,restrictions
urea_46,Urea 46%,N,46,,Amplia comercialización en Colombia; fuente: Monómeros / Nutrien / múltiples importadores
urea_granulada_recubierta_con_azufre_scu,Urea granulada recubierta con azufre (SCU),N,40,,Uso especializado/regional; fuente: Común en distribuidores agroquímicos de Colombia (insumo genérico)
urea_granulada_recubierta_con_azufre_scu,Urea granulada recubierta con azufre (SCU),S,6,,Uso especializado/regional; fuente: Común en distribuidores agroquímicos de Colombia (insumo genérico)
sulfato_de_amonio,Sulfato de amonio,N,21,,Amplia comercialización en Colombia; fuente: Monómeros / Yara Colombia
sulfato_de_amonio,Sulfato de amonio,S,24,,Amplia comercialización en Colombia; fuente: Monómeros / Yara Colombia
nitrato_de_amonio,Nitrato de amonio,N,33.5,,Uso restringido/regulado (control antiexplosivos); fuente: Común en distribuidores agroquímicos de Colombia (insumo genérico)
nitrato_de_amonio_calcico_can_27,Nitrato de amonio cálcico (CAN 27%),N,27,,Comercialización común; fuente: Yara Colombia
sulfonitrato_de_amonio_asn,Sulfonitrato de amonio (ASN),N,26,,Comercialización común; fuente: Yara Colombia
sulfonitrato_de_amonio_asn,Sulfonitrato de amonio (ASN),S,14,,Comercialización común; fuente: Yara Colombia
nitrato_de_calcio_ca_no3_2,Nitrato de calcio (Ca(NO3)2),N,15.5,,"Comercialización común (flores, hortalizas); fuente: Yara Colombia / Haifa (importado)"
nitrato_de_calcio_boratado,Nitrato de calcio boratado,N,15,,Uso especializado (floricultura); fuente: Común en distribuidores agroquímicos de Colombia (insumo genérico)
nitrato_de_potasio_kno3,Nitrato de potasio (KNO3),N,13,,Comercialización común; fuente: Haifa / SQM (importado)
nitrato_de_potasio_kno3,Nitrato de potasio (KNO3),K,38.187,,Comercialización común; fuente: Haifa / SQM (importado)
nitrato_de_magnesio,Nitrato de magnesio,N,11,,Uso especializado (fertirriego); fuente: Grado técnico/soluble - estándar industria fertirriego
urea_fosfato_up,Urea fosfato (UP),N,17,,Uso especializado (fertirriego); fuente: Grado técnico/soluble - estándar industria fertirriego
urea_fosfato_up,Urea fosfato (UP),P,19.2028,,Uso especializado (fertirriego); fuente: Grado técnico/soluble - estándar industria fertirriego
nitrato_de_sodio_salitre,Nitrato de sodio (salitre),N,16,,Uso especializado/regional; fuente: Estándar internacional (FAO/IFA) - insumo genérico multi-fabricante
cianamida_calcica,Cianamida cálcica,N,21,,Uso especializado/regional; fuente: Estándar internacional (FAO/IFA) - insumo genérico multi-fabricante
urea_liquida_solucion,Urea líquida (solución),N,20,,Uso especializado (foliar); fuente: Común en distribuidores agroquímicos de Colombia (insumo genérico)
uan_solucion_nitrogenada_32,UAN Solución nitrogenada 32%,N,32,,Uso especializado/regional; fuente: Estándar internacional (FAO/IFA) - insumo genérico multi-fabricante
fosfato_diamonico_dap,Fosfato diamónico (DAP),N,18,,Amplia comercialización en Colombia; fuente: Monómeros / Yara / Nutrien
fosfato_diamonico_dap,Fosfato diamónico (DAP),P,20.0756,,Amplia comercialización en Colombia; fuente: Monómeros / Yara / Nutrien
fosfato_monoamonico_map,Fosfato monoamónico (MAP),N,11,,Amplia comercialización en Colombia; fuente: Monómeros / Yara Colombia
fosfato_monoamonico_map,Fosfato monoamónico (MAP),P,22.6942,,Amplia comercialización en Colombia; fuente: Monómeros / Yara Colombia
fosfato_monoamonico_purificado_map_soluble,Fosfato monoamónico purificado (MAP soluble),N,12,,Comercialización común (fertirriego); fuente: Grado técnico/soluble - estándar industria fertirriego
fosfato_monoamonico_purificado_map_soluble,Fosfato monoamónico purificado (MAP soluble),P,26.622,,Comercialización común (fertirriego); fuente: Grado técnico/soluble - estándar industria fertirriego
superfosfato_simple_sfs,Superfosfato simple (SFS),P,7.8557,,Amplia comercialización en Colombia; fuente: Monómeros / Abonos Colombianos
superfosfato_simple_sfs,Superfosfato simple (SFS),S,12,,Amplia comercialización en Colombia; fuente: Monómeros / Abonos Colombianos
superfosfato_triple_sft_tsp,Superfosfato triple (SFT/TSP),P,20.0756,,Comercialización común; fuente: Monómeros / importadores
roca_fosforica_fosforita,Roca fosfórica (Fosforita),P,12.2199,,Comercialización común (agricultura orgánica); fuente: Yacimientos nacionales (Boyacá/Huila) - genérico
fosfato_monopotasico_mkp,Fosfato monopotásico (MKP),P,22.6942,,Comercialización común (fertirriego/foliar); fuente: Grado técnico/soluble - estándar industria fertirriego
fosfato_monopotasico_mkp,Fosfato monopotásico (MKP),K,28.2251,,Comercialización común (fertirriego/foliar); fuente: Grado técnico/soluble - estándar industria fertirriego
acido_fosforico_agricola,Ácido fosfórico agrícola,P,22.6942,,Uso especializado (fertirriego); fuente: Estándar internacional (FAO/IFA) - insumo genérico multi-fabricante
cloruro_de_potasio_kcl_mop,Cloruro de potasio (KCl / MOP),K,49.8091,,Amplia comercialización en Colombia; fuente: Monómeros / Nutrien / importado (Canpotex)
sulfato_de_potasio_sop,Sulfato de potasio (SOP),K,41.5076,,Comercialización común; fuente: Yara / importadores (SQM)
sulfato_de_potasio_sop,Sulfato de potasio (SOP),S,18,,Comercialización común; fuente: Yara / importadores (SQM)
sulfato_de_potasio_y_magnesio_sul_po_mag_k_mag,Sulfato de potasio y magnesio (Sul-Po-Mag / K-Mag),K,18.2633,,"Comercialización común (café, palma); fuente: Mosaic / importadores"
sulfato_de_potasio_y_magnesio_sul_po_mag_k_mag,Sulfato de potasio y magnesio (Sul-Po-Mag / K-Mag),S,22,,"Comercialización común (café, palma); fuente: Mosaic / importadores"
nitrato_de_potasio_soluble,Nitrato de potasio soluble,N,13,,Comercialización común (fertirriego); fuente: Grado técnico/soluble - estándar industria fertirriego
nitrato_de_potasio_soluble,Nitrato de potasio soluble,K,38.187,,Comercialización común (fertirriego); fuente: Grado técnico/soluble - estándar industria fertirriego
yeso_agricola_sulfato_de_calcio,Yeso agrícola (sulfato de calcio),S,17,,Comercialización común; fuente: Común en distribuidores agroquímicos de Colombia (insumo genérico)
sulfato_de_magnesio_heptahidratado_sal_de_epsom,Sulfato de magnesio heptahidratado (Sal de Epsom),S,13,,Comercialización común (foliar); fuente: Grado técnico/soluble - estándar industria fertirriego
kieserita_sulfato_de_magnesio_monohidratado,Kieserita (sulfato de magnesio monohidratado),S,22,,"Comercialización común (palma, café); fuente: K+S / importadores"
azufre_elemental_agricola_granulado,Azufre elemental agrícola (granulado),S,90,,Comercialización común; fuente: Común en distribuidores agroquímicos de Colombia (insumo genérico)
sulfato_de_zinc_heptahidratado,Sulfato de zinc heptahidratado,Zn,22.7,,"Amplia comercialización en Colombia; fuente: Común en distribuidores agroquímicos de Colombia (insumo genérico); sulfato de zinc heptahidratado ZnSO4.7H2O, estequiometrico"
sulfato_de_zinc_monohidratado,Sulfato de zinc monohidratado,Zn,35.5,,"Comercialización común; fuente: Común en distribuidores agroquímicos de Colombia (insumo genérico); sulfato de zinc monohidratado ZnSO4.H2O, estequiometrico"
oxido_de_zinc,Óxido de zinc,Zn,80.3,,"Uso especializado/regional; fuente: Estándar internacional (FAO/IFA) - insumo genérico multi-fabricante; oxido de zinc ZnO, estequiometrico"
quelato_de_zinc_edta,Quelato de zinc EDTA,Zn,14,,"Comercialización común (foliar); fuente: Grado técnico/soluble - estándar industria fertirriego; quelato Zn-EDTA, grado comercial tipico (varia por fabricante)"
sulfato_de_manganeso,Sulfato de manganeso,Mn,31,,"Comercialización común; fuente: Común en distribuidores agroquímicos de Colombia (insumo genérico); sulfato de manganeso monohidratado, grado comercial tipico"
quelato_de_manganeso_edta,Quelato de manganeso EDTA,Mn,13,,"Uso especializado (foliar); fuente: Grado técnico/soluble - estándar industria fertirriego; quelato Mn-EDTA, grado comercial tipico (varia por fabricante)"
sulfato_de_cobre_pentahidratado,Sulfato de cobre pentahidratado,Cu,25.5,,"Amplia comercialización en Colombia; fuente: Común en distribuidores agroquímicos de Colombia (insumo genérico); sulfato de cobre pentahidratado CuSO4.5H2O, estequiometrico"
oxicloruro_de_cobre,Oxicloruro de cobre,Cu,50,,"Comercialización común (fungicida-fertilizante); fuente: Común en distribuidores agroquímicos de Colombia (insumo genérico); oxicloruro de cobre, grado comercial tipico"
sulfato_ferroso,Sulfato ferroso,Fe,20,,"Comercialización común; fuente: Común en distribuidores agroquímicos de Colombia (insumo genérico); sulfato ferroso heptahidratado, grado comercial tipico"
quelato_de_hierro_eddha,Quelato de hierro EDDHA,Fe,6,,"Comercialización común (foliar, suelos alcalinos); fuente: Grado técnico/soluble - estándar industria fertirriego; quelato Fe-EDDHA, grado comercial estandar (varia por fabricante)"
acido_borico,Ácido bórico,B,17.5,,"Amplia comercialización en Colombia; fuente: Común en distribuidores agroquímicos de Colombia (insumo genérico); acido borico H3BO3, estequiometrico"
borax_decahidratado,Bórax decahidratado,B,11.3,,"Comercialización común; fuente: Común en distribuidores agroquímicos de Colombia (insumo genérico); borax decahidratado Na2B4O7.10H2O, estequiometrico"
solubor_octaborato_de_sodio,Solubor (octaborato de sodio),B,20.5,,"Comercialización común (foliar); fuente: Grado técnico/soluble - estándar industria fertirriego; Solubor (octaborato de sodio), grado comercial estandar"
molibdato_de_sodio,Molibdato de sodio,Mo,39.7,,"Uso especializado/regional; fuente: Estándar internacional (FAO/IFA) - insumo genérico multi-fabricante; molibdato de sodio dihidratado, estequiometrico"
quelato_de_zinc_dtpa,Quelato de zinc DTPA,Zn,10,,"Comercialización común (foliar); fuente: Grado técnico/soluble - estándar industria fertirriego; quelato Zn-DTPA, grado comercial tipico (varia por fabricante)"
quelato_de_hierro_dtpa,Quelato de hierro DTPA,Fe,10,,"Comercialización común (foliar); fuente: Grado técnico/soluble - estándar industria fertirriego; quelato Fe-DTPA, grado comercial tipico (varia por fabricante)"
quelato_de_cobre_edta,Quelato de cobre EDTA,Cu,14,,"Uso especializado (foliar); fuente: Grado técnico/soluble - estándar industria fertirriego; quelato Cu-EDTA, grado comercial tipico (varia por fabricante)"
cloruro_de_calcio,Cloruro de calcio,Ca,27,,"Uso especializado (poscosecha/foliar); fuente: Estándar internacional (FAO/IFA) - insumo genérico multi-fabricante; cloruro de calcio dihidratado CaCl2.2H2O, grado comercial tipico"
silicato_de_potasio,Silicato de potasio,K,16.603,,"Uso especializado (foliar, resistencia); fuente: Grado técnico/soluble - estándar industria fertirriego"
silicato_de_calcio,Silicato de calcio,Ca,30,,"Uso especializado/regional; fuente: Estándar internacional (FAO/IFA) - insumo genérico multi-fabricante; silicato de calcio (fuente agricola de Si), grado comercial tipico"
sulfato_de_amonio_granulado_con_azufre_elemental,Sulfato de amonio granulado con azufre elemental,N,21,,Comercialización común; fuente: Común en distribuidores agroquímicos de Colombia (insumo genérico)
sulfato_de_amonio_granulado_con_azufre_elemental,Sulfato de amonio granulado con azufre elemental,S,24,,Comercialización común; fuente: Común en distribuidores agroquímicos de Colombia (insumo genérico)
fosfato_biamonico_grado_tecnico_soluble,Fosfato biamónico grado técnico soluble,N,21,,Uso especializado (fertirriego); fuente: Grado técnico/soluble - estándar industria fertirriego
fosfato_biamonico_grado_tecnico_soluble,Fosfato biamónico grado técnico soluble,P,23.1306,,Uso especializado (fertirriego); fuente: Grado técnico/soluble - estándar industria fertirriego
nitrato_de_amonio_calcareo_con_boro,Nitrato de amonio calcáreo con boro,N,27,,Uso especializado/regional; fuente: Estándar internacional (FAO/IFA) - insumo genérico multi-fabricante
sulfato_de_potasio_granulado_grado_agricola,Sulfato de potasio granulado grado agrícola,K,41.5076,,Comercialización común; fuente: Yara / importadores
sulfato_de_potasio_granulado_grado_agricola,Sulfato de potasio granulado grado agrícola,S,17,,Comercialización común; fuente: Yara / importadores
roca_fosforica_reactiva_uso_organico,Roca fosfórica reactiva (uso orgánico),P,9.6014,,Uso especializado (agricultura orgánica); fuente: Estándar internacional (FAO/IFA) - insumo genérico multi-fabricante
guano_de_isla_fosfatado_natural,Guano de isla (fosfatado natural),N,2,,Uso especializado/regional; fuente: Estándar internacional (FAO/IFA) - insumo genérico multi-fabricante
guano_de_isla_fosfatado_natural,Guano de isla (fosfatado natural),P,5.2371,,Uso especializado/regional; fuente: Estándar internacional (FAO/IFA) - insumo genérico multi-fabricante
guano_de_isla_fosfatado_natural,Guano de isla (fosfatado natural),K,1.6603,,Uso especializado/regional; fuente: Estándar internacional (FAO/IFA) - insumo genérico multi-fabricante
harina_de_hueso_fosfatado_organico,Harina de hueso (fosfatado orgánico),N,3,,Uso especializado (agricultura orgánica); fuente: Estándar internacional (FAO/IFA) - insumo genérico multi-fabricante
harina_de_hueso_fosfatado_organico,Harina de hueso (fosfatado orgánico),P,8.7285,,Uso especializado (agricultura orgánica); fuente: Estándar internacional (FAO/IFA) - insumo genérico multi-fabricante
npk_10_10_10_granulado,NPK 10-10-10 granulado,N,10,,Comercialización común en Colombia; fuente: Formulación estándar de la industria; no verificada en el registro ICA
npk_10_10_10_granulado,NPK 10-10-10 granulado,P,4.3643,,Comercialización común en Colombia; fuente: Formulación estándar de la industria; no verificada en el registro ICA
npk_10_10_10_granulado,NPK 10-10-10 granulado,K,8.3015,,Comercialización común en Colombia; fuente: Formulación estándar de la industria; no verificada en el registro ICA
npk_10_20_10_granulado,NPK 10-20-10 granulado,N,10,,Comercialización común en Colombia; fuente: Formulación estándar de la industria; no verificada en el registro ICA
npk_10_20_10_granulado,NPK 10-20-10 granulado,P,8.7285,,Comercialización común en Colombia; fuente: Formulación estándar de la industria; no verificada en el registro ICA
npk_10_20_10_granulado,NPK 10-20-10 granulado,K,8.3015,,Comercialización común en Colombia; fuente: Formulación estándar de la industria; no verificada en el registro ICA
npk_10_20_20_granulado,NPK 10-20-20 granulado,N,10,,Comercialización común en Colombia; fuente: Formulación estándar de la industria; no verificada en el registro ICA
npk_10_20_20_granulado,NPK 10-20-20 granulado,P,8.7285,,Comercialización común en Colombia; fuente: Formulación estándar de la industria; no verificada en el registro ICA
npk_10_20_20_granulado,NPK 10-20-20 granulado,K,16.603,,Comercialización común en Colombia; fuente: Formulación estándar de la industria; no verificada en el registro ICA
npk_10_30_10_granulado,NPK 10-30-10 granulado,N,10,,Comercialización común en Colombia; fuente: Formulación estándar de la industria; no verificada en el registro ICA
npk_10_30_10_granulado,NPK 10-30-10 granulado,P,13.0928,,Comercialización común en Colombia; fuente: Formulación estándar de la industria; no verificada en el registro ICA
npk_10_30_10_granulado,NPK 10-30-10 granulado,K,8.3015,,Comercialización común en Colombia; fuente: Formulación estándar de la industria; no verificada en el registro ICA
npk_10_30_20_granulado,NPK 10-30-20 granulado,N,10,,Comercialización común en Colombia; fuente: Formulación estándar de la industria; no verificada en el registro ICA
npk_10_30_20_granulado,NPK 10-30-20 granulado,P,13.0928,,Comercialización común en Colombia; fuente: Formulación estándar de la industria; no verificada en el registro ICA
npk_10_30_20_granulado,NPK 10-30-20 granulado,K,16.603,,Comercialización común en Colombia; fuente: Formulación estándar de la industria; no verificada en el registro ICA
npk_12_12_12_granulado,NPK 12-12-12 granulado,N,12,,Comercialización común en Colombia; fuente: Formulación estándar de la industria; no verificada en el registro ICA
npk_12_12_12_granulado,NPK 12-12-12 granulado,P,5.2371,,Comercialización común en Colombia; fuente: Formulación estándar de la industria; no verificada en el registro ICA
npk_12_12_12_granulado,NPK 12-12-12 granulado,K,9.9618,,Comercialización común en Colombia; fuente: Formulación estándar de la industria; no verificada en el registro ICA
npk_12_12_17_2s_granulado,NPK 12-12-17-2S granulado,N,12,,Comercialización común en Colombia; fuente: Formulación estándar de la industria; no verificada en el registro ICA
npk_12_12_17_2s_granulado,NPK 12-12-17-2S granulado,P,5.2371,,Comercialización común en Colombia; fuente: Formulación estándar de la industria; no verificada en el registro ICA
npk_12_12_17_2s_granulado,NPK 12-12-17-2S granulado,K,14.1126,,Comercialización común en Colombia; fuente: Formulación estándar de la industria; no verificada en el registro ICA
npk_12_12_17_2s_granulado,NPK 12-12-17-2S granulado,S,2,,Comercialización común en Colombia; fuente: Formulación estándar de la industria; no verificada en el registro ICA
npk_12_24_12_granulado,NPK 12-24-12 granulado,N,12,,Comercialización común en Colombia; fuente: Formulación estándar de la industria; no verificada en el registro ICA
npk_12_24_12_granulado,NPK 12-24-12 granulado,P,10.4742,,Comercialización común en Colombia; fuente: Formulación estándar de la industria; no verificada en el registro ICA
npk_12_24_12_granulado,NPK 12-24-12 granulado,K,9.9618,,Comercialización común en Colombia; fuente: Formulación estándar de la industria; no verificada en el registro ICA
npk_13_13_21_granulado,NPK 13-13-21 granulado,N,13,,Comercialización común en Colombia; fuente: Formulación estándar de la industria; no verificada en el registro ICA
npk_13_13_21_granulado,NPK 13-13-21 granulado,P,5.6735,,Comercialización común en Colombia; fuente: Formulación estándar de la industria; no verificada en el registro ICA
npk_13_13_21_granulado,NPK 13-13-21 granulado,K,17.4332,,Comercialización común en Colombia; fuente: Formulación estándar de la industria; no verificada en el registro ICA
npk_13_26_6_granulado,NPK 13-26-6 granulado,N,13,,Comercialización común en Colombia; fuente: Formulación estándar de la industria; no verificada en el registro ICA
npk_13_26_6_granulado,NPK 13-26-6 granulado,P,11.3471,,Comercialización común en Colombia; fuente: Formulación estándar de la industria; no verificada en el registro ICA
npk_13_26_6_granulado,NPK 13-26-6 granulado,K,4.9809,,Comercialización común en Colombia; fuente: Formulación estándar de la industria; no verificada en el registro ICA
npk_14_14_14_granulado,NPK 14-14-14 granulado,N,14,,Comercialización común en Colombia; fuente: Formulación estándar de la industria; no verificada en el registro ICA
npk_14_14_14_granulado,NPK 14-14-14 granulado,P,6.11,,Comercialización común en Colombia; fuente: Formulación estándar de la industria; no verificada en el registro ICA
npk_14_14_14_granulado,NPK 14-14-14 granulado,K,11.6221,,Comercialización común en Colombia; fuente: Formulación estándar de la industria; no verificada en el registro ICA
npk_14_28_14_granulado,NPK 14-28-14 granulado,N,14,,Comercialización común en Colombia; fuente: Formulación estándar de la industria; no verificada en el registro ICA
npk_14_28_14_granulado,NPK 14-28-14 granulado,P,12.2199,,Comercialización común en Colombia; fuente: Formulación estándar de la industria; no verificada en el registro ICA
npk_14_28_14_granulado,NPK 14-28-14 granulado,K,11.6221,,Comercialización común en Colombia; fuente: Formulación estándar de la industria; no verificada en el registro ICA
npk_15_15_15_granulado,NPK 15-15-15 granulado,N,15,,Comercialización común en Colombia; fuente: Formulación estándar de la industria; no verificada en el registro ICA
npk_15_15_15_granulado,NPK 15-15-15 granulado,P,6.5464,,Comercialización común en Colombia; fuente: Formulación estándar de la industria; no verificada en el registro ICA
npk_15_15_15_granulado,NPK 15-15-15 granulado,K,12.4523,,Comercialización común en Colombia; fuente: Formulación estándar de la industria; no verificada en el registro ICA
npk_15_30_15_granulado,NPK 15-30-15 granulado,N,15,,Comercialización común en Colombia; fuente: Formulación estándar de la industria; no verificada en el registro ICA
npk_15_30_15_granulado,NPK 15-30-15 granulado,P,13.0928,,Comercialización común en Colombia; fuente: Formulación estándar de la industria; no verificada en el registro ICA
npk_15_30_15_granulado,NPK 15-30-15 granulado,K,12.4523,,Comercialización común en Colombia; fuente: Formulación estándar de la industria; no verificada en el registro ICA
npk_16_16_16_granulado,NPK 16-16-16 granulado,N,16,,Comercialización común en Colombia; fuente: Formulación estándar de la industria; no verificada en el registro ICA
npk_16_16_16_granulado,NPK 16-16-16 granulado,P,6.9828,,Comercialización común en Colombia; fuente: Formulación estándar de la industria; no verificada en el registro ICA
npk_16_16_16_granulado,NPK 16-16-16 granulado,K,13.2824,,Comercialización común en Colombia; fuente: Formulación estándar de la industria; no verificada en el registro ICA
npk_17_6_18_2s_granulado,NPK 17-6-18-2S granulado,N,17,,Comercialización común en Colombia; fuente: Formulación estándar de la industria; no verificada en el registro ICA
npk_17_6_18_2s_granulado,NPK 17-6-18-2S granulado,P,2.6186,,Comercialización común en Colombia; fuente: Formulación estándar de la industria; no verificada en el registro ICA
npk_17_6_18_2s_granulado,NPK 17-6-18-2S granulado,K,14.9427,,Comercialización común en Colombia; fuente: Formulación estándar de la industria; no verificada en el registro ICA
npk_17_6_18_2s_granulado,NPK 17-6-18-2S granulado,S,2,,Comercialización común en Colombia; fuente: Formulación estándar de la industria; no verificada en el registro ICA
npk_18_18_18_granulado,NPK 18-18-18 granulado,N,18,,Comercialización común en Colombia; fuente: Formulación estándar de la industria; no verificada en el registro ICA
npk_18_18_18_granulado,NPK 18-18-18 granulado,P,7.8557,,Comercialización común en Colombia; fuente: Formulación estándar de la industria; no verificada en el registro ICA
npk_18_18_18_granulado,NPK 18-18-18 granulado,K,14.9427,,Comercialización común en Colombia; fuente: Formulación estándar de la industria; no verificada en el registro ICA
npk_19_19_19_granulado,NPK 19-19-19 granulado,N,19,,Comercialización común en Colombia; fuente: Formulación estándar de la industria; no verificada en el registro ICA
npk_19_19_19_granulado,NPK 19-19-19 granulado,P,8.2921,,Comercialización común en Colombia; fuente: Formulación estándar de la industria; no verificada en el registro ICA
npk_19_19_19_granulado,NPK 19-19-19 granulado,K,15.7729,,Comercialización común en Colombia; fuente: Formulación estándar de la industria; no verificada en el registro ICA
npk_20_10_10_granulado,NPK 20-10-10 granulado,N,20,,Comercialización común en Colombia; fuente: Formulación estándar de la industria; no verificada en el registro ICA
npk_20_10_10_granulado,NPK 20-10-10 granulado,P,4.3643,,Comercialización común en Colombia; fuente: Formulación estándar de la industria; no verificada en el registro ICA
npk_20_10_10_granulado,NPK 20-10-10 granulado,K,8.3015,,Comercialización común en Colombia; fuente: Formulación estándar de la industria; no verificada en el registro ICA
npk_20_20_0_granulado,NPK 20-20-0 granulado,N,20,,Comercialización común en Colombia; fuente: Formulación estándar de la industria; no verificada en el registro ICA
npk_20_20_0_granulado,NPK 20-20-0 granulado,P,8.7285,,Comercialización común en Colombia; fuente: Formulación estándar de la industria; no verificada en el registro ICA
npk_20_20_20_granulado,NPK 20-20-20 granulado,N,20,,Comercialización común en Colombia; fuente: Formulación estándar de la industria; no verificada en el registro ICA
npk_20_20_20_granulado,NPK 20-20-20 granulado,P,8.7285,,Comercialización común en Colombia; fuente: Formulación estándar de la industria; no verificada en el registro ICA
npk_20_20_20_granulado,NPK 20-20-20 granulado,K,16.603,,Comercialización común en Colombia; fuente: Formulación estándar de la industria; no verificada en el registro ICA
npk_9_13_27_granulado,NPK 9-13-27 granulado,N,9,,Comercialización común en Colombia; fuente: Formulación estándar de la industria; no verificada en el registro ICA
npk_9_13_27_granulado,NPK 9-13-27 granulado,P,5.6735,,Comercialización común en Colombia; fuente: Formulación estándar de la industria; no verificada en el registro ICA
npk_9_13_27_granulado,NPK 9-13-27 granulado,K,22.4141,,Comercialización común en Colombia; fuente: Formulación estándar de la industria; no verificada en el registro ICA
npk_10_10_20_granulado,NPK 10-10-20 granulado,N,10,,Comercialización común en Colombia; fuente: Formulación estándar de la industria; no verificada en el registro ICA
npk_10_10_20_granulado,NPK 10-10-20 granulado,P,4.3643,,Comercialización común en Colombia; fuente: Formulación estándar de la industria; no verificada en el registro ICA
npk_10_10_20_granulado,NPK 10-10-20 granulado,K,16.603,,Comercialización común en Colombia; fuente: Formulación estándar de la industria; no verificada en el registro ICA
npk_10_20_30_granulado,NPK 10-20-30 granulado,N,10,,Comercialización común en Colombia; fuente: Formulación estándar de la industria; no verificada en el registro ICA
npk_10_20_30_granulado,NPK 10-20-30 granulado,P,8.7285,,Comercialización común en Colombia; fuente: Formulación estándar de la industria; no verificada en el registro ICA
npk_10_20_30_granulado,NPK 10-20-30 granulado,K,24.9045,,Comercialización común en Colombia; fuente: Formulación estándar de la industria; no verificada en el registro ICA
npk_12_11_18_2s_granulado,NPK 12-11-18-2S granulado,N,12,,Comercialización común en Colombia; fuente: Formulación estándar de la industria; no verificada en el registro ICA
npk_12_11_18_2s_granulado,NPK 12-11-18-2S granulado,P,4.8007,,Comercialización común en Colombia; fuente: Formulación estándar de la industria; no verificada en el registro ICA
npk_12_11_18_2s_granulado,NPK 12-11-18-2S granulado,K,14.9427,,Comercialización común en Colombia; fuente: Formulación estándar de la industria; no verificada en el registro ICA
npk_12_11_18_2s_granulado,NPK 12-11-18-2S granulado,S,2,,Comercialización común en Colombia; fuente: Formulación estándar de la industria; no verificada en el registro ICA
npk_14_4_25_granulado,NPK 14-4-25 granulado,N,14,,Comercialización común en Colombia; fuente: Formulación estándar de la industria; no verificada en el registro ICA
npk_14_4_25_granulado,NPK 14-4-25 granulado,P,1.7457,,Comercialización común en Colombia; fuente: Formulación estándar de la industria; no verificada en el registro ICA
npk_14_4_25_granulado,NPK 14-4-25 granulado,K,20.7538,,Comercialización común en Colombia; fuente: Formulación estándar de la industria; no verificada en el registro ICA
npk_15_4_23_4s_granulado,NPK 15-4-23-4S granulado,N,15,,Comercialización común en Colombia; fuente: Formulación estándar de la industria; no verificada en el registro ICA
npk_15_4_23_4s_granulado,NPK 15-4-23-4S granulado,P,1.7457,,Comercialización común en Colombia; fuente: Formulación estándar de la industria; no verificada en el registro ICA
npk_15_4_23_4s_granulado,NPK 15-4-23-4S granulado,K,19.0935,,Comercialización común en Colombia; fuente: Formulación estándar de la industria; no verificada en el registro ICA
npk_15_4_23_4s_granulado,NPK 15-4-23-4S granulado,S,4,,Comercialización común en Colombia; fuente: Formulación estándar de la industria; no verificada en el registro ICA
npk_25_4_24_4s_granulado,NPK 25-4-24-4S granulado,N,25,,Comercialización común en Colombia; fuente: Formulación estándar de la industria; no verificada en el registro ICA
npk_25_4_24_4s_granulado,NPK 25-4-24-4S granulado,P,1.7457,,Comercialización común en Colombia; fuente: Formulación estándar de la industria; no verificada en el registro ICA
npk_25_4_24_4s_granulado,NPK 25-4-24-4S granulado,K,19.9236,,Comercialización común en Colombia; fuente: Formulación estándar de la industria; no verificada en el registro ICA
npk_25_4_24_4s_granulado,NPK 25-4-24-4S granulado,S,4,,Comercialización común en Colombia; fuente: Formulación estándar de la industria; no verificada en el registro ICA
npk_9_23_30_granulado,NPK 9-23-30 granulado,N,9,,Comercialización común en Colombia; fuente: Formulación estándar de la industria; no verificada en el registro ICA
npk_9_23_30_granulado,NPK 9-23-30 granulado,P,10.0378,,Comercialización común en Colombia; fuente: Formulación estándar de la industria; no verificada en el registro ICA
npk_9_23_30_granulado,NPK 9-23-30 granulado,K,24.9045,,Comercialización común en Colombia; fuente: Formulación estándar de la industria; no verificada en el registro ICA
npk_11_22_21_granulado,NPK 11-22-21 granulado,N,11,,Comercialización común en Colombia; fuente: Formulación estándar de la industria; no verificada en el registro ICA
npk_11_22_21_granulado,NPK 11-22-21 granulado,P,9.6014,,Comercialización común en Colombia; fuente: Formulación estándar de la industria; no verificada en el registro ICA
npk_11_22_21_granulado,NPK 11-22-21 granulado,K,17.4332,,Comercialización común en Colombia; fuente: Formulación estándar de la industria; no verificada en el registro ICA
npk_12_30_10_granulado,NPK 12-30-10 granulado,N,12,,Comercialización común en Colombia; fuente: Formulación estándar de la industria; no verificada en el registro ICA
npk_12_30_10_granulado,NPK 12-30-10 granulado,P,13.0928,,Comercialización común en Colombia; fuente: Formulación estándar de la industria; no verificada en el registro ICA
npk_12_30_10_granulado,NPK 12-30-10 granulado,K,8.3015,,Comercialización común en Colombia; fuente: Formulación estándar de la industria; no verificada en el registro ICA
npk_13_20_20_granulado,NPK 13-20-20 granulado,N,13,,Comercialización común en Colombia; fuente: Formulación estándar de la industria; no verificada en el registro ICA
npk_13_20_20_granulado,NPK 13-20-20 granulado,P,8.7285,,Comercialización común en Colombia; fuente: Formulación estándar de la industria; no verificada en el registro ICA
npk_13_20_20_granulado,NPK 13-20-20 granulado,K,16.603,,Comercialización común en Colombia; fuente: Formulación estándar de la industria; no verificada en el registro ICA
npk_15_15_20_granulado,NPK 15-15-20 granulado,N,15,,Comercialización común en Colombia; fuente: Formulación estándar de la industria; no verificada en el registro ICA
npk_15_15_20_granulado,NPK 15-15-20 granulado,P,6.5464,,Comercialización común en Colombia; fuente: Formulación estándar de la industria; no verificada en el registro ICA
npk_15_15_20_granulado,NPK 15-15-20 granulado,K,16.603,,Comercialización común en Colombia; fuente: Formulación estándar de la industria; no verificada en el registro ICA
npk_16_20_0_granulado,NPK 16-20-0 granulado,N,16,,Comercialización común en Colombia; fuente: Formulación estándar de la industria; no verificada en el registro ICA
npk_16_20_0_granulado,NPK 16-20-0 granulado,P,8.7285,,Comercialización común en Colombia; fuente: Formulación estándar de la industria; no verificada en el registro ICA
npk_18_46_0_granulado,NPK 18-46-0 granulado,N,18,,Comercialización común en Colombia; fuente: Formulación estándar de la industria; no verificada en el registro ICA
npk_18_46_0_granulado,NPK 18-46-0 granulado,P,20.0756,,Comercialización común en Colombia; fuente: Formulación estándar de la industria; no verificada en el registro ICA
npk_10_15_15_granulado,NPK 10-15-15 granulado,N,10,,Comercialización común en Colombia; fuente: Formulación estándar de la industria; no verificada en el registro ICA
npk_10_15_15_granulado,NPK 10-15-15 granulado,P,6.5464,,Comercialización común en Colombia; fuente: Formulación estándar de la industria; no verificada en el registro ICA
npk_10_15_15_granulado,NPK 10-15-15 granulado,K,12.4523,,Comercialización común en Colombia; fuente: Formulación estándar de la industria; no verificada en el registro ICA
npk_10_25_25_granulado,NPK 10-25-25 granulado,N,10,,Comercialización común en Colombia; fuente: Formulación estándar de la industria; no verificada en el registro ICA
npk_10_25_25_granulado,NPK 10-25-25 granulado,P,10.9107,,Comercialización común en Colombia; fuente: Formulación estándar de la industria; no verificada en el registro ICA
npk_10_25_25_granulado,NPK 10-25-25 granulado,K,20.7538,,Comercialización común en Colombia; fuente: Formulación estándar de la industria; no verificada en el registro ICA
npk_12_20_20_granulado,NPK 12-20-20 granulado,N,12,,Comercialización común en Colombia; fuente: Formulación estándar de la industria; no verificada en el registro ICA
npk_12_20_20_granulado,NPK 12-20-20 granulado,P,8.7285,,Comercialización común en Colombia; fuente: Formulación estándar de la industria; no verificada en el registro ICA
npk_12_20_20_granulado,NPK 12-20-20 granulado,K,16.603,,Comercialización común en Colombia; fuente: Formulación estándar de la industria; no verificada en el registro ICA
npk_14_20_14_granulado,NPK 14-20-14 granulado,N,14,,Comercialización común en Colombia; fuente: Formulación estándar de la industria; no verificada en el registro ICA
npk_14_20_14_granulado,NPK 14-20-14 granulado,P,8.7285,,Comercialización común en Colombia; fuente: Formulación estándar de la industria; no verificada en el registro ICA
npk_14_20_14_granulado,NPK 14-20-14 granulado,K,11.6221,,Comercialización común en Colombia; fuente: Formulación estándar de la industria; no verificada en el registro ICA
npk_16_8_24_granulado,NPK 16-8-24 granulado,N,16,,Comercialización común en Colombia; fuente: Formulación estándar de la industria; no verificada en el registro ICA
npk_16_8_24_granulado,NPK 16-8-24 granulado,P,3.4914,,Comercialización común en Colombia; fuente: Formulación estándar de la industria; no verificada en el registro ICA
npk_16_8_24_granulado,NPK 16-8-24 granulado,K,19.9236,,Comercialización común en Colombia; fuente: Formulación estándar de la industria; no verificada en el registro ICA
npk_18_12_12_granulado,NPK 18-12-12 granulado,N,18,,Comercialización común en Colombia; fuente: Formulación estándar de la industria; no verificada en el registro ICA
npk_18_12_12_granulado,NPK 18-12-12 granulado,P,5.2371,,Comercialización común en Colombia; fuente: Formulación estándar de la industria; no verificada en el registro ICA
npk_18_12_12_granulado,NPK 18-12-12 granulado,K,9.9618,,Comercialización común en Colombia; fuente: Formulación estándar de la industria; no verificada en el registro ICA
npk_20_5_20_granulado,NPK 20-5-20 granulado,N,20,,Comercialización común en Colombia; fuente: Formulación estándar de la industria; no verificada en el registro ICA
npk_20_5_20_granulado,NPK 20-5-20 granulado,P,2.1821,,Comercialización común en Colombia; fuente: Formulación estándar de la industria; no verificada en el registro ICA
npk_20_5_20_granulado,NPK 20-5-20 granulado,K,16.603,,Comercialización común en Colombia; fuente: Formulación estándar de la industria; no verificada en el registro ICA
npk_23_23_0_granulado,NPK 23-23-0 granulado,N,23,,Comercialización común en Colombia; fuente: Formulación estándar de la industria; no verificada en el registro ICA
npk_23_23_0_granulado,NPK 23-23-0 granulado,P,10.0378,,Comercialización común en Colombia; fuente: Formulación estándar de la industria; no verificada en el registro ICA
npk_24_0_24_granulado,NPK 24-0-24 granulado,N,24,,Comercialización común en Colombia; fuente: Formulación estándar de la industria; no verificada en el registro ICA
npk_24_0_24_granulado,NPK 24-0-24 granulado,K,19.9236,,Comercialización común en Colombia; fuente: Formulación estándar de la industria; no verificada en el registro ICA
npk_8_24_24_granulado,NPK 8-24-24 granulado,N,8,,Comercialización común en Colombia; fuente: Formulación estándar de la industria; no verificada en el registro ICA
npk_8_24_24_granulado,NPK 8-24-24 granulado,P,10.4742,,Comercialización común en Colombia; fuente: Formulación estándar de la industria; no verificada en el registro ICA
npk_8_24_24_granulado,NPK 8-24-24 granulado,K,19.9236,,Comercialización común en Colombia; fuente: Formulación estándar de la industria; no verificada en el registro ICA
npk_6_12_24_granulado,NPK 6-12-24 granulado,N,6,,Comercialización común en Colombia; fuente: Formulación estándar de la industria; no verificada en el registro ICA
npk_6_12_24_granulado,NPK 6-12-24 granulado,P,5.2371,,Comercialización común en Colombia; fuente: Formulación estándar de la industria; no verificada en el registro ICA
npk_6_12_24_granulado,NPK 6-12-24 granulado,K,19.9236,,Comercialización común en Colombia; fuente: Formulación estándar de la industria; no verificada en el registro ICA
npk_6_18_24_granulado,NPK 6-18-24 granulado,N,6,,Comercialización común en Colombia; fuente: Formulación estándar de la industria; no verificada en el registro ICA
npk_6_18_24_granulado,NPK 6-18-24 granulado,P,7.8557,,Comercialización común en Colombia; fuente: Formulación estándar de la industria; no verificada en el registro ICA
npk_6_18_24_granulado,NPK 6-18-24 granulado,K,19.9236,,Comercialización común en Colombia; fuente: Formulación estándar de la industria; no verificada en el registro ICA
npk_7_14_21_granulado,NPK 7-14-21 granulado,N,7,,Comercialización común en Colombia; fuente: Formulación estándar de la industria; no verificada en el registro ICA
npk_7_14_21_granulado,NPK 7-14-21 granulado,P,6.11,,Comercialización común en Colombia; fuente: Formulación estándar de la industria; no verificada en el registro ICA
npk_7_14_21_granulado,NPK 7-14-21 granulado,K,17.4332,,Comercialización común en Colombia; fuente: Formulación estándar de la industria; no verificada en el registro ICA
npk_8_16_24_granulado,NPK 8-16-24 granulado,N,8,,Comercialización común en Colombia; fuente: Formulación estándar de la industria; no verificada en el registro ICA
npk_8_16_24_granulado,NPK 8-16-24 granulado,P,6.9828,,Comercialización común en Colombia; fuente: Formulación estándar de la industria; no verificada en el registro ICA
npk_8_16_24_granulado,NPK 8-16-24 granulado,K,19.9236,,Comercialización común en Colombia; fuente: Formulación estándar de la industria; no verificada en el registro ICA
npk_9_18_27_granulado,NPK 9-18-27 granulado,N,9,,Comercialización común en Colombia; fuente: Formulación estándar de la industria; no verificada en el registro ICA
npk_9_18_27_granulado,NPK 9-18-27 granulado,P,7.8557,,Comercialización común en Colombia; fuente: Formulación estándar de la industria; no verificada en el registro ICA
npk_9_18_27_granulado,NPK 9-18-27 granulado,K,22.4141,,Comercialización común en Colombia; fuente: Formulación estándar de la industria; no verificada en el registro ICA
npk_10_12_24_granulado,NPK 10-12-24 granulado,N,10,,Comercialización común en Colombia; fuente: Formulación estándar de la industria; no verificada en el registro ICA
npk_10_12_24_granulado,NPK 10-12-24 granulado,P,5.2371,,Comercialización común en Colombia; fuente: Formulación estándar de la industria; no verificada en el registro ICA
npk_10_12_24_granulado,NPK 10-12-24 granulado,K,19.9236,,Comercialización común en Colombia; fuente: Formulación estándar de la industria; no verificada en el registro ICA
npk_11_15_25_granulado,NPK 11-15-25 granulado,N,11,,Comercialización común en Colombia; fuente: Formulación estándar de la industria; no verificada en el registro ICA
npk_11_15_25_granulado,NPK 11-15-25 granulado,P,6.5464,,Comercialización común en Colombia; fuente: Formulación estándar de la industria; no verificada en el registro ICA
npk_11_15_25_granulado,NPK 11-15-25 granulado,K,20.7538,,Comercialización común en Colombia; fuente: Formulación estándar de la industria; no verificada en el registro ICA
npk_12_8_16_granulado,NPK 12-8-16 granulado,N,12,,Comercialización común en Colombia; fuente: Formulación estándar de la industria; no verificada en el registro ICA
npk_12_8_16_granulado,NPK 12-8-16 granulado,P,3.4914,,Comercialización común en Colombia; fuente: Formulación estándar de la industria; no verificada en el registro ICA
npk_12_8_16_granulado,NPK 12-8-16 granulado,K,13.2824,,Comercialización común en Colombia; fuente: Formulación estándar de la industria; no verificada en el registro ICA
npk_12_14_20_granulado,NPK 12-14-20 granulado,N,12,,Comercialización común en Colombia; fuente: Formulación estándar de la industria; no verificada en el registro ICA
npk_12_14_20_granulado,NPK 12-14-20 granulado,P,6.11,,Comercialización común en Colombia; fuente: Formulación estándar de la industria; no verificada en el registro ICA
npk_12_14_20_granulado,NPK 12-14-20 granulado,K,16.603,,Comercialización común en Colombia; fuente: Formulación estándar de la industria; no verificada en el registro ICA
npk_13_10_20_granulado,NPK 13-10-20 granulado,N,13,,Comercialización común en Colombia; fuente: Formulación estándar de la industria; no verificada en el registro ICA
npk_13_10_20_granulado,NPK 13-10-20 granulado,P,4.3643,,Comercialización común en Colombia; fuente: Formulación estándar de la industria; no verificada en el registro ICA
npk_13_10_20_granulado,NPK 13-10-20 granulado,K,16.603,,Comercialización común en Colombia; fuente: Formulación estándar de la industria; no verificada en el registro ICA
npk_14_10_20_granulado,NPK 14-10-20 granulado,N,14,,Comercialización común en Colombia; fuente: Formulación estándar de la industria; no verificada en el registro ICA
npk_14_10_20_granulado,NPK 14-10-20 granulado,P,4.3643,,Comercialización común en Colombia; fuente: Formulación estándar de la industria; no verificada en el registro ICA
npk_14_10_20_granulado,NPK 14-10-20 granulado,K,16.603,,Comercialización común en Colombia; fuente: Formulación estándar de la industria; no verificada en el registro ICA
npk_15_5_25_granulado,NPK 15-5-25 granulado,N,15,,Comercialización común en Colombia; fuente: Formulación estándar de la industria; no verificada en el registro ICA
npk_15_5_25_granulado,NPK 15-5-25 granulado,P,2.1821,,Comercialización común en Colombia; fuente: Formulación estándar de la industria; no verificada en el registro ICA
npk_15_5_25_granulado,NPK 15-5-25 granulado,K,20.7538,,Comercialización común en Colombia; fuente: Formulación estándar de la industria; no verificada en el registro ICA
npk_15_8_15_granulado,NPK 15-8-15 granulado,N,15,,Comercialización común en Colombia; fuente: Formulación estándar de la industria; no verificada en el registro ICA
npk_15_8_15_granulado,NPK 15-8-15 granulado,P,3.4914,,Comercialización común en Colombia; fuente: Formulación estándar de la industria; no verificada en el registro ICA
npk_15_8_15_granulado,NPK 15-8-15 granulado,K,12.4523,,Comercialización común en Colombia; fuente: Formulación estándar de la industria; no verificada en el registro ICA
npk_16_4_32_granulado,NPK 16-4-32 granulado,N,16,,Comercialización común en Colombia; fuente: Formulación estándar de la industria; no verificada en el registro ICA
npk_16_4_32_granulado,NPK 16-4-32 granulado,P,1.7457,,Comercialización común en Colombia; fuente: Formulación estándar de la industria; no verificada en el registro ICA
npk_16_4_32_granulado,NPK 16-4-32 granulado,K,26.5648,,Comercialización común en Colombia; fuente: Formulación estándar de la industria; no verificada en el registro ICA
npk_17_17_17_granulado,NPK 17-17-17 granulado,N,17,,Comercialización común en Colombia; fuente: Formulación estándar de la industria; no verificada en el registro ICA
npk_17_17_17_granulado,NPK 17-17-17 granulado,P,7.4193,,Comercialización común en Colombia; fuente: Formulación estándar de la industria; no verificada en el registro ICA
npk_17_17_17_granulado,NPK 17-17-17 granulado,K,14.1126,,Comercialización común en Colombia; fuente: Formulación estándar de la industria; no verificada en el registro ICA
npk_19_4_19_granulado,NPK 19-4-19 granulado,N,19,,Comercialización común en Colombia; fuente: Formulación estándar de la industria; no verificada en el registro ICA
npk_19_4_19_granulado,NPK 19-4-19 granulado,P,1.7457,,Comercialización común en Colombia; fuente: Formulación estándar de la industria; no verificada en el registro ICA
npk_19_4_19_granulado,NPK 19-4-19 granulado,K,15.7729,,Comercialización común en Colombia; fuente: Formulación estándar de la industria; no verificada en el registro ICA
npk_20_8_20_granulado,NPK 20-8-20 granulado,N,20,,Comercialización común en Colombia; fuente: Formulación estándar de la industria; no verificada en el registro ICA
npk_20_8_20_granulado,NPK 20-8-20 granulado,P,3.4914,,Comercialización común en Colombia; fuente: Formulación estándar de la industria; no verificada en el registro ICA
npk_20_8_20_granulado,NPK 20-8-20 granulado,K,16.603,,Comercialización común en Colombia; fuente: Formulación estándar de la industria; no verificada en el registro ICA
npk_21_7_14_granulado,NPK 21-7-14 granulado,N,21,,Comercialización común en Colombia; fuente: Formulación estándar de la industria; no verificada en el registro ICA
npk_21_7_14_granulado,NPK 21-7-14 granulado,P,3.055,,Comercialización común en Colombia; fuente: Formulación estándar de la industria; no verificada en el registro ICA
npk_21_7_14_granulado,NPK 21-7-14 granulado,K,11.6221,,Comercialización común en Colombia; fuente: Formulación estándar de la industria; no verificada en el registro ICA
npk_22_5_11_granulado,NPK 22-5-11 granulado,N,22,,Comercialización común en Colombia; fuente: Formulación estándar de la industria; no verificada en el registro ICA
npk_22_5_11_granulado,NPK 22-5-11 granulado,P,2.1821,,Comercialización común en Colombia; fuente: Formulación estándar de la industria; no verificada en el registro ICA
npk_22_5_11_granulado,NPK 22-5-11 granulado,K,9.1317,,Comercialización común en Colombia; fuente: Formulación estándar de la industria; no verificada en el registro ICA
npk_24_6_12_granulado,NPK 24-6-12 granulado,N,24,,Comercialización común en Colombia; fuente: Formulación estándar de la industria; no verificada en el registro ICA
npk_24_6_12_granulado,NPK 24-6-12 granulado,P,2.6186,,Comercialización común en Colombia; fuente: Formulación estándar de la industria; no verificada en el registro ICA
npk_24_6_12_granulado,NPK 24-6-12 granulado,K,9.9618,,Comercialización común en Colombia; fuente: Formulación estándar de la industria; no verificada en el registro ICA
npk_5_10_15_granulado,NPK 5-10-15 granulado,N,5,,Comercialización común en Colombia; fuente: Formulación estándar de la industria; no verificada en el registro ICA
npk_5_10_15_granulado,NPK 5-10-15 granulado,P,4.3643,,Comercialización común en Colombia; fuente: Formulación estándar de la industria; no verificada en el registro ICA
npk_5_10_15_granulado,NPK 5-10-15 granulado,K,12.4523,,Comercialización común en Colombia; fuente: Formulación estándar de la industria; no verificada en el registro ICA
npk_5_15_20_granulado,NPK 5-15-20 granulado,N,5,,Comercialización común en Colombia; fuente: Formulación estándar de la industria; no verificada en el registro ICA
npk_5_15_20_granulado,NPK 5-15-20 granulado,P,6.5464,,Comercialización común en Colombia; fuente: Formulación estándar de la industria; no verificada en el registro ICA
npk_5_15_20_granulado,NPK 5-15-20 granulado,K,16.603,,Comercialización común en Colombia; fuente: Formulación estándar de la industria; no verificada en el registro ICA
npk_6_10_10_granulado,NPK 6-10-10 granulado,N,6,,Comercialización común en Colombia; fuente: Formulación estándar de la industria; no verificada en el registro ICA
npk_6_10_10_granulado,NPK 6-10-10 granulado,P,4.3643,,Comercialización común en Colombia; fuente: Formulación estándar de la industria; no verificada en el registro ICA
npk_6_10_10_granulado,NPK 6-10-10 granulado,K,8.3015,,Comercialización común en Colombia; fuente: Formulación estándar de la industria; no verificada en el registro ICA
npk_6_20_20_granulado,NPK 6-20-20 granulado,N,6,,Comercialización común en Colombia; fuente: Formulación estándar de la industria; no verificada en el registro ICA
npk_6_20_20_granulado,NPK 6-20-20 granulado,P,8.7285,,Comercialización común en Colombia; fuente: Formulación estándar de la industria; no verificada en el registro ICA
npk_6_20_20_granulado,NPK 6-20-20 granulado,K,16.603,,Comercialización común en Colombia; fuente: Formulación estándar de la industria; no verificada en el registro ICA
npk_7_17_17_granulado,NPK 7-17-17 granulado,N,7,,Comercialización común en Colombia; fuente: Formulación estándar de la industria; no verificada en el registro ICA
npk_7_17_17_granulado,NPK 7-17-17 granulado,P,7.4193,,Comercialización común en Colombia; fuente: Formulación estándar de la industria; no verificada en el registro ICA
npk_7_17_17_granulado,NPK 7-17-17 granulado,K,14.1126,,Comercialización común en Colombia; fuente: Formulación estándar de la industria; no verificada en el registro ICA
npk_8_8_8_granulado,NPK 8-8-8 granulado,N,8,,Comercialización común en Colombia; fuente: Formulación estándar de la industria; no verificada en el registro ICA
npk_8_8_8_granulado,NPK 8-8-8 granulado,P,3.4914,,Comercialización común en Colombia; fuente: Formulación estándar de la industria; no verificada en el registro ICA
npk_8_8_8_granulado,NPK 8-8-8 granulado,K,6.6412,,Comercialización común en Colombia; fuente: Formulación estándar de la industria; no verificada en el registro ICA
npk_8_10_10_granulado,NPK 8-10-10 granulado,N,8,,Comercialización común en Colombia; fuente: Formulación estándar de la industria; no verificada en el registro ICA
npk_8_10_10_granulado,NPK 8-10-10 granulado,P,4.3643,,Comercialización común en Colombia; fuente: Formulación estándar de la industria; no verificada en el registro ICA
npk_8_10_10_granulado,NPK 8-10-10 granulado,K,8.3015,,Comercialización común en Colombia; fuente: Formulación estándar de la industria; no verificada en el registro ICA
npk_8_20_10_granulado,NPK 8-20-10 granulado,N,8,,Comercialización común en Colombia; fuente: Formulación estándar de la industria; no verificada en el registro ICA
npk_8_20_10_granulado,NPK 8-20-10 granulado,P,8.7285,,Comercialización común en Colombia; fuente: Formulación estándar de la industria; no verificada en el registro ICA
npk_8_20_10_granulado,NPK 8-20-10 granulado,K,8.3015,,Comercialización común en Colombia; fuente: Formulación estándar de la industria; no verificada en el registro ICA
npk_9_9_9_granulado,NPK 9-9-9 granulado,N,9,,Comercialización común en Colombia; fuente: Formulación estándar de la industria; no verificada en el registro ICA
npk_9_9_9_granulado,NPK 9-9-9 granulado,P,3.9278,,Comercialización común en Colombia; fuente: Formulación estándar de la industria; no verificada en el registro ICA
npk_9_9_9_granulado,NPK 9-9-9 granulado,K,7.4714,,Comercialización común en Colombia; fuente: Formulación estándar de la industria; no verificada en el registro ICA
npk_9_20_20_granulado,NPK 9-20-20 granulado,N,9,,Comercialización común en Colombia; fuente: Formulación estándar de la industria; no verificada en el registro ICA
npk_9_20_20_granulado,NPK 9-20-20 granulado,P,8.7285,,Comercialización común en Colombia; fuente: Formulación estándar de la industria; no verificada en el registro ICA
npk_9_20_20_granulado,NPK 9-20-20 granulado,K,16.603,,Comercialización común en Colombia; fuente: Formulación estándar de la industria; no verificada en el registro ICA
npk_10_8_8_granulado,NPK 10-8-8 granulado,N,10,,Comercialización común en Colombia; fuente: Formulación estándar de la industria; no verificada en el registro ICA
npk_10_8_8_granulado,NPK 10-8-8 granulado,P,3.4914,,Comercialización común en Colombia; fuente: Formulación estándar de la industria; no verificada en el registro ICA
npk_10_8_8_granulado,NPK 10-8-8 granulado,K,6.6412,,Comercialización común en Colombia; fuente: Formulación estándar de la industria; no verificada en el registro ICA
npk_10_18_9_granulado,NPK 10-18-9 granulado,N,10,,Comercialización común en Colombia; fuente: Formulación estándar de la industria; no verificada en el registro ICA
npk_10_18_9_granulado,NPK 10-18-9 granulado,P,7.8557,,Comercialización común en Colombia; fuente: Formulación estándar de la industria; no verificada en el registro ICA
npk_10_18_9_granulado,NPK 10-18-9 granulado,K,7.4714,,Comercialización común en Colombia; fuente: Formulación estándar de la industria; no verificada en el registro ICA
npk_10_26_26_granulado,NPK 10-26-26 granulado,N,10,,Comercialización común en Colombia; fuente: Formulación estándar de la industria; no verificada en el registro ICA
npk_10_26_26_granulado,NPK 10-26-26 granulado,P,11.3471,,Comercialización común en Colombia; fuente: Formulación estándar de la industria; no verificada en el registro ICA
npk_10_26_26_granulado,NPK 10-26-26 granulado,K,21.5839,,Comercialización común en Colombia; fuente: Formulación estándar de la industria; no verificada en el registro ICA
npk_11_11_11_granulado,NPK 11-11-11 granulado,N,11,,Comercialización común en Colombia; fuente: Formulación estándar de la industria; no verificada en el registro ICA
npk_11_11_11_granulado,NPK 11-11-11 granulado,P,4.8007,,Comercialización común en Colombia; fuente: Formulación estándar de la industria; no verificada en el registro ICA
npk_11_11_11_granulado,NPK 11-11-11 granulado,K,9.1317,,Comercialización común en Colombia; fuente: Formulación estándar de la industria; no verificada en el registro ICA
npk_11_17_17_granulado,NPK 11-17-17 granulado,N,11,,Comercialización común en Colombia; fuente: Formulación estándar de la industria; no verificada en el registro ICA
npk_11_17_17_granulado,NPK 11-17-17 granulado,P,7.4193,,Comercialización común en Colombia; fuente: Formulación estándar de la industria; no verificada en el registro ICA
npk_11_17_17_granulado,NPK 11-17-17 granulado,K,14.1126,,Comercialización común en Colombia; fuente: Formulación estándar de la industria; no verificada en el registro ICA
npk_12_6_6_granulado,NPK 12-6-6 granulado,N,12,,Comercialización común en Colombia; fuente: Formulación estándar de la industria; no verificada en el registro ICA
npk_12_6_6_granulado,NPK 12-6-6 granulado,P,2.6186,,Comercialización común en Colombia; fuente: Formulación estándar de la industria; no verificada en el registro ICA
npk_12_6_6_granulado,NPK 12-6-6 granulado,K,4.9809,,Comercialización común en Colombia; fuente: Formulación estándar de la industria; no verificada en el registro ICA
npk_12_16_16_granulado,NPK 12-16-16 granulado,N,12,,Comercialización común en Colombia; fuente: Formulación estándar de la industria; no verificada en el registro ICA
npk_12_16_16_granulado,NPK 12-16-16 granulado,P,6.9828,,Comercialización común en Colombia; fuente: Formulación estándar de la industria; no verificada en el registro ICA
npk_12_16_16_granulado,NPK 12-16-16 granulado,K,13.2824,,Comercialización común en Colombia; fuente: Formulación estándar de la industria; no verificada en el registro ICA
npk_12_30_15_granulado,NPK 12-30-15 granulado,N,12,,Comercialización común en Colombia; fuente: Formulación estándar de la industria; no verificada en el registro ICA
npk_12_30_15_granulado,NPK 12-30-15 granulado,P,13.0928,,Comercialización común en Colombia; fuente: Formulación estándar de la industria; no verificada en el registro ICA
npk_12_30_15_granulado,NPK 12-30-15 granulado,K,12.4523,,Comercialización común en Colombia; fuente: Formulación estándar de la industria; no verificada en el registro ICA
npk_13_8_24_granulado,NPK 13-8-24 granulado,N,13,,Comercialización común en Colombia; fuente: Formulación estándar de la industria; no verificada en el registro ICA
npk_13_8_24_granulado,NPK 13-8-24 granulado,P,3.4914,,Comercialización común en Colombia; fuente: Formulación estándar de la industria; no verificada en el registro ICA
npk_13_8_24_granulado,NPK 13-8-24 granulado,K,19.9236,,Comercialización común en Colombia; fuente: Formulación estándar de la industria; no verificada en el registro ICA
npk_13_13_13_granulado,NPK 13-13-13 granulado,N,13,,Comercialización común en Colombia; fuente: Formulación estándar de la industria; no verificada en el registro ICA
npk_13_13_13_granulado,NPK 13-13-13 granulado,P,5.6735,,Comercialización común en Colombia; fuente: Formulación estándar de la industria; no verificada en el registro ICA
npk_13_13_13_granulado,NPK 13-13-13 granulado,K,10.792,,Comercialización común en Colombia; fuente: Formulación estándar de la industria; no verificada en el registro ICA
npk_14_7_7_granulado,NPK 14-7-7 granulado,N,14,,Comercialización común en Colombia; fuente: Formulación estándar de la industria; no verificada en el registro ICA
npk_14_7_7_granulado,NPK 14-7-7 granulado,P,3.055,,Comercialización común en Colombia; fuente: Formulación estándar de la industria; no verificada en el registro ICA
npk_14_7_7_granulado,NPK 14-7-7 granulado,K,5.8111,,Comercialización común en Colombia; fuente: Formulación estándar de la industria; no verificada en el registro ICA
npk_14_8_14_granulado,NPK 14-8-14 granulado,N,14,,Comercialización común en Colombia; fuente: Formulación estándar de la industria; no verificada en el registro ICA
npk_14_8_14_granulado,NPK 14-8-14 granulado,P,3.4914,,Comercialización común en Colombia; fuente: Formulación estándar de la industria; no verificada en el registro ICA
npk_14_8_14_granulado,NPK 14-8-14 granulado,K,11.6221,,Comercialización común en Colombia; fuente: Formulación estándar de la industria; no verificada en el registro ICA
npk_14_16_18_granulado,NPK 14-16-18 granulado,N,14,,Comercialización común en Colombia; fuente: Formulación estándar de la industria; no verificada en el registro ICA
npk_14_16_18_granulado,NPK 14-16-18 granulado,P,6.9828,,Comercialización común en Colombia; fuente: Formulación estándar de la industria; no verificada en el registro ICA
npk_14_16_18_granulado,NPK 14-16-18 granulado,K,14.9427,,Comercialización común en Colombia; fuente: Formulación estándar de la industria; no verificada en el registro ICA
npk_15_10_10_granulado,NPK 15-10-10 granulado,N,15,,Comercialización común en Colombia; fuente: Formulación estándar de la industria; no verificada en el registro ICA
npk_15_10_10_granulado,NPK 15-10-10 granulado,P,4.3643,,Comercialización común en Colombia; fuente: Formulación estándar de la industria; no verificada en el registro ICA
npk_15_10_10_granulado,NPK 15-10-10 granulado,K,8.3015,,Comercialización común en Colombia; fuente: Formulación estándar de la industria; no verificada en el registro ICA
npk_15_20_10_granulado,NPK 15-20-10 granulado,N,15,,Comercialización común en Colombia; fuente: Formulación estándar de la industria; no verificada en el registro ICA
npk_15_20_10_granulado,NPK 15-20-10 granulado,P,8.7285,,Comercialización común en Colombia; fuente: Formulación estándar de la industria; no verificada en el registro ICA
npk_15_20_10_granulado,NPK 15-20-10 granulado,K,8.3015,,Comercialización común en Colombia; fuente: Formulación estándar de la industria; no verificada en el registro ICA
npk_16_10_18_granulado,NPK 16-10-18 granulado,N,16,,Comercialización común en Colombia; fuente: Formulación estándar de la industria; no verificada en el registro ICA
npk_16_10_18_granulado,NPK 16-10-18 granulado,P,4.3643,,Comercialización común en Colombia; fuente: Formulación estándar de la industria; no verificada en el registro ICA
npk_16_10_18_granulado,NPK 16-10-18 granulado,K,14.9427,,Comercialización común en Colombia; fuente: Formulación estándar de la industria; no verificada en el registro ICA
npk_16_12_20_granulado,NPK 16-12-20 granulado,N,16,,Comercialización común en Colombia; fuente: Formulación estándar de la industria; no verificada en el registro ICA
npk_16_12_20_granulado,NPK 16-12-20 granulado,P,5.2371,,Comercialización común en Colombia; fuente: Formulación estándar de la industria; no verificada en el registro ICA
npk_16_12_20_granulado,NPK 16-12-20 granulado,K,16.603,,Comercialización común en Colombia; fuente: Formulación estándar de la industria; no verificada en el registro ICA
npk_16_32_16_granulado,NPK 16-32-16 granulado,N,16,,Comercialización común en Colombia; fuente: Formulación estándar de la industria; no verificada en el registro ICA
npk_16_32_16_granulado,NPK 16-32-16 granulado,P,13.9657,,Comercialización común en Colombia; fuente: Formulación estándar de la industria; no verificada en el registro ICA
npk_16_32_16_granulado,NPK 16-32-16 granulado,K,13.2824,,Comercialización común en Colombia; fuente: Formulación estándar de la industria; no verificada en el registro ICA
npk_17_10_10_granulado,NPK 17-10-10 granulado,N,17,,Comercialización común en Colombia; fuente: Formulación estándar de la industria; no verificada en el registro ICA
npk_17_10_10_granulado,NPK 17-10-10 granulado,P,4.3643,,Comercialización común en Colombia; fuente: Formulación estándar de la industria; no verificada en el registro ICA
npk_17_10_10_granulado,NPK 17-10-10 granulado,K,8.3015,,Comercialización común en Colombia; fuente: Formulación estándar de la industria; no verificada en el registro ICA
npk_17_17_0_granulado,NPK 17-17-0 granulado,N,17,,Comercialización común en Colombia; fuente: Formulación estándar de la industria; no verificada en el registro ICA
npk_17_17_0_granulado,NPK 17-17-0 granulado,P,7.4193,,Comercialización común en Colombia; fuente: Formulación estándar de la industria; no verificada en el registro ICA
npk_18_4_10_granulado,NPK 18-4-10 granulado,N,18,,Comercialización común en Colombia; fuente: Formulación estándar de la industria; no verificada en el registro ICA
npk_18_4_10_granulado,NPK 18-4-10 granulado,P,1.7457,,Comercialización común en Colombia; fuente: Formulación estándar de la industria; no verificada en el registro ICA
npk_18_4_10_granulado,NPK 18-4-10 granulado,K,8.3015,,Comercialización común en Colombia; fuente: Formulación estándar de la industria; no verificada en el registro ICA
npk_18_20_10_granulado,NPK 18-20-10 granulado,N,18,,Comercialización común en Colombia; fuente: Formulación estándar de la industria; no verificada en el registro ICA
npk_18_20_10_granulado,NPK 18-20-10 granulado,P,8.7285,,Comercialización común en Colombia; fuente: Formulación estándar de la industria; no verificada en el registro ICA
npk_18_20_10_granulado,NPK 18-20-10 granulado,K,8.3015,,Comercialización común en Colombia; fuente: Formulación estándar de la industria; no verificada en el registro ICA
npk_19_9_19_granulado,NPK 19-9-19 granulado,N,19,,Comercialización común en Colombia; fuente: Formulación estándar de la industria; no verificada en el registro ICA
npk_19_9_19_granulado,NPK 19-9-19 granulado,P,3.9278,,Comercialización común en Colombia; fuente: Formulación estándar de la industria; no verificada en el registro ICA
npk_19_9_19_granulado,NPK 19-9-19 granulado,K,15.7729,,Comercialización común en Colombia; fuente: Formulación estándar de la industria; no verificada en el registro ICA
npk_20_0_20_granulado,NPK 20-0-20 granulado,N,20,,Comercialización común en Colombia; fuente: Formulación estándar de la industria; no verificada en el registro ICA
npk_20_0_20_granulado,NPK 20-0-20 granulado,K,16.603,,Comercialización común en Colombia; fuente: Formulación estándar de la industria; no verificada en el registro ICA
npk_20_15_10_granulado,NPK 20-15-10 granulado,N,20,,Comercialización común en Colombia; fuente: Formulación estándar de la industria; no verificada en el registro ICA
npk_20_15_10_granulado,NPK 20-15-10 granulado,P,6.5464,,Comercialización común en Colombia; fuente: Formulación estándar de la industria; no verificada en el registro ICA
npk_20_15_10_granulado,NPK 20-15-10 granulado,K,8.3015,,Comercialización común en Colombia; fuente: Formulación estándar de la industria; no verificada en el registro ICA
npk_21_0_0_granulado,NPK 21-0-0 granulado,N,21,,Comercialización común en Colombia; fuente: Formulación estándar de la industria; no verificada en el registro ICA
npk_22_22_11_granulado,NPK 22-22-11 granulado,N,22,,Comercialización común en Colombia; fuente: Formulación estándar de la industria; no verificada en el registro ICA
npk_22_22_11_granulado,NPK 22-22-11 granulado,P,9.6014,,Comercialización común en Colombia; fuente: Formulación estándar de la industria; no verificada en el registro ICA
npk_22_22_11_granulado,NPK 22-22-11 granulado,K,9.1317,,Comercialización común en Colombia; fuente: Formulación estándar de la industria; no verificada en el registro ICA
npk_23_10_10_granulado,NPK 23-10-10 granulado,N,23,,Comercialización común en Colombia; fuente: Formulación estándar de la industria; no verificada en el registro ICA
npk_23_10_10_granulado,NPK 23-10-10 granulado,P,4.3643,,Comercialización común en Colombia; fuente: Formulación estándar de la industria; no verificada en el registro ICA
npk_23_10_10_granulado,NPK 23-10-10 granulado,K,8.3015,,Comercialización común en Colombia; fuente: Formulación estándar de la industria; no verificada en el registro ICA
npk_24_12_12_granulado,NPK 24-12-12 granulado,N,24,,Comercialización común en Colombia; fuente: Formulación estándar de la industria; no verificada en el registro ICA
npk_24_12_12_granulado,NPK 24-12-12 granulado,P,5.2371,,Comercialización común en Colombia; fuente: Formulación estándar de la industria; no verificada en el registro ICA
npk_24_12_12_granulado,NPK 24-12-12 granulado,K,9.9618,,Comercialización común en Colombia; fuente: Formulación estándar de la industria; no verificada en el registro ICA
npk_26_0_13_granulado,NPK 26-0-13 granulado,N,26,,Comercialización común en Colombia; fuente: Formulación estándar de la industria; no verificada en el registro ICA
npk_26_0_13_granulado,NPK 26-0-13 granulado,K,10.792,,Comercialización común en Colombia; fuente: Formulación estándar de la industria; no verificada en el registro ICA
npk_27_14_0_granulado,NPK 27-14-0 granulado,N,27,,Comercialización común en Colombia; fuente: Formulación estándar de la industria; no verificada en el registro ICA
npk_27_14_0_granulado,NPK 27-14-0 granulado,P,6.11,,Comercialización común en Colombia; fuente: Formulación estándar de la industria; no verificada en el registro ICA
npk_28_0_0_granulado,NPK 28-0-0 granulado,N,28,,Comercialización común en Colombia; fuente: Formulación estándar de la industria; no verificada en el registro ICA
npk_30_10_10_granulado,NPK 30-10-10 granulado,N,30,,Comercialización común en Colombia; fuente: Formulación estándar de la industria; no verificada en el registro ICA
npk_30_10_10_granulado,NPK 30-10-10 granulado,P,4.3643,,Comercialización común en Colombia; fuente: Formulación estándar de la industria; no verificada en el registro ICA
npk_30_10_10_granulado,NPK 30-10-10 granulado,K,8.3015,,Comercialización común en Colombia; fuente: Formulación estándar de la industria; no verificada en el registro ICA
npk_32_0_0_granulado,NPK 32-0-0 granulado,N,32,,Comercialización común en Colombia; fuente: Formulación estándar de la industria; no verificada en el registro ICA
npk_33_0_0_granulado,NPK 33-0-0 granulado,N,33,,Comercialización común en Colombia; fuente: Formulación estándar de la industria; no verificada en el registro ICA
npk_cafe_17_6_18_2mgo,NPK Café 17-6-18-2MgO,N,17,,Comercialización común (formulación agroindustrial); fuente: Común en distribuidores agroquímicos de Colombia (insumo genérico)
npk_cafe_17_6_18_2mgo,NPK Café 17-6-18-2MgO,P,2.6186,,Comercialización común (formulación agroindustrial); fuente: Común en distribuidores agroquímicos de Colombia (insumo genérico)
npk_cafe_17_6_18_2mgo,NPK Café 17-6-18-2MgO,K,14.9427,,Comercialización común (formulación agroindustrial); fuente: Común en distribuidores agroquímicos de Colombia (insumo genérico)
npk_cafe_25_4_24,NPK Café 25-4-24,N,25,,Comercialización común (formulación agroindustrial); fuente: Común en distribuidores agroquímicos de Colombia (insumo genérico)
npk_cafe_25_4_24,NPK Café 25-4-24,P,1.7457,,Comercialización común (formulación agroindustrial); fuente: Común en distribuidores agroquímicos de Colombia (insumo genérico)
npk_cafe_25_4_24,NPK Café 25-4-24,K,19.9236,,Comercialización común (formulación agroindustrial); fuente: Común en distribuidores agroquímicos de Colombia (insumo genérico)
npk_cafe_25_4_24,NPK Café 25-4-24,S,4,,Comercialización común (formulación agroindustrial); fuente: Común en distribuidores agroquímicos de Colombia (insumo genérico)
npk_palma_de_aceite_12_12_17_2mgo,NPK Palma de aceite 12-12-17-2MgO,N,12,,Comercialización común (formulación agroindustrial); fuente: Común en distribuidores agroquímicos de Colombia (insumo genérico)
npk_palma_de_aceite_12_12_17_2mgo,NPK Palma de aceite 12-12-17-2MgO,P,5.2371,,Comercialización común (formulación agroindustrial); fuente: Común en distribuidores agroquímicos de Colombia (insumo genérico)
npk_palma_de_aceite_12_12_17_2mgo,NPK Palma de aceite 12-12-17-2MgO,K,14.1126,,Comercialización común (formulación agroindustrial); fuente: Común en distribuidores agroquímicos de Colombia (insumo genérico)
npk_palma_de_aceite_15_4_23_4mgo,NPK Palma de aceite 15-4-23-4MgO,N,15,,Comercialización común (formulación agroindustrial); fuente: Común en distribuidores agroquímicos de Colombia (insumo genérico)
npk_palma_de_aceite_15_4_23_4mgo,NPK Palma de aceite 15-4-23-4MgO,P,1.7457,,Comercialización común (formulación agroindustrial); fuente: Común en distribuidores agroquímicos de Colombia (insumo genérico)
npk_palma_de_aceite_15_4_23_4mgo,NPK Palma de aceite 15-4-23-4MgO,K,19.0935,,Comercialización común (formulación agroindustrial); fuente: Común en distribuidores agroquímicos de Colombia (insumo genérico)
npk_palma_de_aceite_15_4_23_4mgo,NPK Palma de aceite 15-4-23-4MgO,S,4,,Comercialización común (formulación agroindustrial); fuente: Común en distribuidores agroquímicos de Colombia (insumo genérico)
npk_palma_de_aceite_10_16_24_3mgo,NPK Palma de aceite 10-16-24-3MgO,N,10,,Comercialización común (formulación agroindustrial); fuente: Común en distribuidores agroquímicos de Colombia (insumo genérico)
npk_palma_de_aceite_10_16_24_3mgo,NPK Palma de aceite 10-16-24-3MgO,P,6.9828,,Comercialización común (formulación agroindustrial); fuente: Común en distribuidores agroquímicos de Colombia (insumo genérico)
npk_palma_de_aceite_10_16_24_3mgo,NPK Palma de aceite 10-16-24-3MgO,K,19.9236,,Comercialización común (formulación agroindustrial); fuente: Común en distribuidores agroquímicos de Colombia (insumo genérico)
npk_palma_de_aceite_10_16_24_3mgo,NPK Palma de aceite 10-16-24-3MgO,S,3,,Comercialización común (formulación agroindustrial); fuente: Común en distribuidores agroquímicos de Colombia (insumo genérico)
npk_papa_13_26_6,NPK Papa 13-26-6,N,13,,Comercialización común (formulación agroindustrial); fuente: Común en distribuidores agroquímicos de Colombia (insumo genérico)
npk_papa_13_26_6,NPK Papa 13-26-6,P,11.3471,,Comercialización común (formulación agroindustrial); fuente: Común en distribuidores agroquímicos de Colombia (insumo genérico)
npk_papa_13_26_6,NPK Papa 13-26-6,K,4.9809,,Comercialización común (formulación agroindustrial); fuente: Común en distribuidores agroquímicos de Colombia (insumo genérico)
npk_papa_10_30_10,NPK Papa 10-30-10,N,10,,Comercialización común (formulación agroindustrial); fuente: Común en distribuidores agroquímicos de Colombia (insumo genérico)
npk_papa_10_30_10,NPK Papa 10-30-10,P,13.0928,,Comercialización común (formulación agroindustrial); fuente: Común en distribuidores agroquímicos de Colombia (insumo genérico)
npk_papa_10_30_10,NPK Papa 10-30-10,K,8.3015,,Comercialización común (formulación agroindustrial); fuente: Común en distribuidores agroquímicos de Colombia (insumo genérico)
npk_papa_18_18_18,NPK Papa 18-18-18,N,18,,Comercialización común (formulación agroindustrial); fuente: Común en distribuidores agroquímicos de Colombia (insumo genérico)
npk_papa_18_18_18,NPK Papa 18-18-18,P,7.8557,,Comercialización común (formulación agroindustrial); fuente: Común en distribuidores agroquímicos de Colombia (insumo genérico)
npk_papa_18_18_18,NPK Papa 18-18-18,K,14.9427,,Comercialización común (formulación agroindustrial); fuente: Común en distribuidores agroquímicos de Colombia (insumo genérico)
npk_cana_de_azucar_9_13_27,NPK Caña de azúcar 9-13-27,N,9,,Comercialización común (formulación agroindustrial); fuente: Común en distribuidores agroquímicos de Colombia (insumo genérico)
npk_cana_de_azucar_9_13_27,NPK Caña de azúcar 9-13-27,P,5.6735,,Comercialización común (formulación agroindustrial); fuente: Común en distribuidores agroquímicos de Colombia (insumo genérico)
npk_cana_de_azucar_9_13_27,NPK Caña de azúcar 9-13-27,K,22.4141,,Comercialización común (formulación agroindustrial); fuente: Común en distribuidores agroquímicos de Colombia (insumo genérico)
npk_cana_de_azucar_14_4_25,NPK Caña de azúcar 14-4-25,N,14,,Comercialización común (formulación agroindustrial); fuente: Común en distribuidores agroquímicos de Colombia (insumo genérico)
npk_cana_de_azucar_14_4_25,NPK Caña de azúcar 14-4-25,P,1.7457,,Comercialización común (formulación agroindustrial); fuente: Común en distribuidores agroquímicos de Colombia (insumo genérico)
npk_cana_de_azucar_14_4_25,NPK Caña de azúcar 14-4-25,K,20.7538,,Comercialización común (formulación agroindustrial); fuente: Común en distribuidores agroquímicos de Colombia (insumo genérico)
npk_arroz_15_15_15,NPK Arroz 15-15-15,N,15,,Comercialización común (formulación agroindustrial); fuente: Común en distribuidores agroquímicos de Colombia (insumo genérico)
npk_arroz_15_15_15,NPK Arroz 15-15-15,P,6.5464,,Comercialización común (formulación agroindustrial); fuente: Común en distribuidores agroquímicos de Colombia (insumo genérico)
npk_arroz_15_15_15,NPK Arroz 15-15-15,K,12.4523,,Comercialización común (formulación agroindustrial); fuente: Común en distribuidores agroquímicos de Colombia (insumo genérico)
npk_arroz_46_0_0_0_0_60_blend,NPK Arroz 46-0-0 + 0-0-60 (blend),N,23,,Comercialización común (formulación agroindustrial); fuente: Común en distribuidores agroquímicos de Colombia (insumo genérico)
npk_arroz_46_0_0_0_0_60_blend,NPK Arroz 46-0-0 + 0-0-60 (blend),K,24.9045,,Comercialización común (formulación agroindustrial); fuente: Común en distribuidores agroquímicos de Colombia (insumo genérico)
npk_maiz_10_30_10,NPK Maíz 10-30-10,N,10,,Comercialización común (formulación agroindustrial); fuente: Común en distribuidores agroquímicos de Colombia (insumo genérico)
npk_maiz_10_30_10,NPK Maíz 10-30-10,P,13.0928,,Comercialización común (formulación agroindustrial); fuente: Común en distribuidores agroquímicos de Colombia (insumo genérico)
npk_maiz_10_30_10,NPK Maíz 10-30-10,K,8.3015,,Comercialización común (formulación agroindustrial); fuente: Común en distribuidores agroquímicos de Colombia (insumo genérico)
npk_maiz_25_15_10,NPK Maíz 25-15-10,N,25,,Comercialización común (formulación agroindustrial); fuente: Común en distribuidores agroquímicos de Colombia (insumo genérico)
npk_maiz_25_15_10,NPK Maíz 25-15-10,P,6.5464,,Comercialización común (formulación agroindustrial); fuente: Común en distribuidores agroquímicos de Colombia (insumo genérico)
npk_maiz_25_15_10,NPK Maíz 25-15-10,K,8.3015,,Comercialización común (formulación agroindustrial); fuente: Común en distribuidores agroquímicos de Colombia (insumo genérico)
npk_banano_12_4_24_2mgo,NPK Banano 12-4-24-2MgO,N,12,,Comercialización común (formulación agroindustrial); fuente: Común en distribuidores agroquímicos de Colombia (insumo genérico)
npk_banano_12_4_24_2mgo,NPK Banano 12-4-24-2MgO,P,1.7457,,Comercialización común (formulación agroindustrial); fuente: Común en distribuidores agroquímicos de Colombia (insumo genérico)
npk_banano_12_4_24_2mgo,NPK Banano 12-4-24-2MgO,K,19.9236,,Comercialización común (formulación agroindustrial); fuente: Común en distribuidores agroquímicos de Colombia (insumo genérico)
npk_banano_18_5_30_4s,NPK Banano 18-5-30-4S,N,18,,Comercialización común (formulación agroindustrial); fuente: Común en distribuidores agroquímicos de Colombia (insumo genérico)
npk_banano_18_5_30_4s,NPK Banano 18-5-30-4S,P,2.1821,,Comercialización común (formulación agroindustrial); fuente: Común en distribuidores agroquímicos de Colombia (insumo genérico)
npk_banano_18_5_30_4s,NPK Banano 18-5-30-4S,K,24.9045,,Comercialización común (formulación agroindustrial); fuente: Común en distribuidores agroquímicos de Colombia (insumo genérico)
npk_banano_18_5_30_4s,NPK Banano 18-5-30-4S,S,4,,Comercialización común (formulación agroindustrial); fuente: Común en distribuidores agroquímicos de Colombia (insumo genérico)
npk_platano_15_5_30,NPK Plátano 15-5-30,N,15,,Comercialización común (formulación agroindustrial); fuente: Común en distribuidores agroquímicos de Colombia (insumo genérico)
npk_platano_15_5_30,NPK Plátano 15-5-30,P,2.1821,,Comercialización común (formulación agroindustrial); fuente: Común en distribuidores agroquímicos de Colombia (insumo genérico)
npk_platano_15_5_30,NPK Plátano 15-5-30,K,24.9045,,Comercialización común (formulación agroindustrial); fuente: Común en distribuidores agroquímicos de Colombia (insumo genérico)
npk_aguacate_hass_16_6_22_3mgo,NPK Aguacate Hass 16-6-22-3MgO,N,16,,Comercialización común (formulación agroindustrial); fuente: Común en distribuidores agroquímicos de Colombia (insumo genérico)
npk_aguacate_hass_16_6_22_3mgo,NPK Aguacate Hass 16-6-22-3MgO,P,2.6186,,Comercialización común (formulación agroindustrial); fuente: Común en distribuidores agroquímicos de Colombia (insumo genérico)
npk_aguacate_hass_16_6_22_3mgo,NPK Aguacate Hass 16-6-22-3MgO,K,18.2633,,Comercialización común (formulación agroindustrial); fuente: Común en distribuidores agroquímicos de Colombia (insumo genérico)
npk_citricos_12_6_24_4mgo,NPK Cítricos 12-6-24-4MgO,N,12,,Comercialización común (formulación agroindustrial); fuente: Común en distribuidores agroquímicos de Colombia (insumo genérico)
npk_citricos_12_6_24_4mgo,NPK Cítricos 12-6-24-4MgO,P,2.6186,,Comercialización común (formulación agroindustrial); fuente: Común en distribuidores agroquímicos de Colombia (insumo genérico)
npk_citricos_12_6_24_4mgo,NPK Cítricos 12-6-24-4MgO,K,19.9236,,Comercialización común (formulación agroindustrial); fuente: Común en distribuidores agroquímicos de Colombia (insumo genérico)
npk_citricos_12_6_24_4mgo,NPK Cítricos 12-6-24-4MgO,S,4,,Comercialización común (formulación agroindustrial); fuente: Común en distribuidores agroquímicos de Colombia (insumo genérico)
npk_pastos_y_forrajes_20_5_20,NPK Pastos y forrajes 20-5-20,N,20,,Comercialización común (formulación agroindustrial); fuente: Común en distribuidores agroquímicos de Colombia (insumo genérico)
npk_pastos_y_forrajes_20_5_20,NPK Pastos y forrajes 20-5-20,P,2.1821,,Comercialización común (formulación agroindustrial); fuente: Común en distribuidores agroquímicos de Colombia (insumo genérico)
npk_pastos_y_forrajes_20_5_20,NPK Pastos y forrajes 20-5-20,K,16.603,,Comercialización común (formulación agroindustrial); fuente: Común en distribuidores agroquímicos de Colombia (insumo genérico)
npk_pastos_y_forrajes_25_0_25,NPK Pastos y forrajes 25-0-25,N,25,,Comercialización común (formulación agroindustrial); fuente: Común en distribuidores agroquímicos de Colombia (insumo genérico)
npk_pastos_y_forrajes_25_0_25,NPK Pastos y forrajes 25-0-25,K,20.7538,,Comercialización común (formulación agroindustrial); fuente: Común en distribuidores agroquímicos de Colombia (insumo genérico)
npk_flores_de_corte_15_5_30_2mgo,NPK Flores de corte 15-5-30-2MgO,N,15,,Comercialización común (formulación agroindustrial); fuente: Común en distribuidores agroquímicos de Colombia (insumo genérico)
npk_flores_de_corte_15_5_30_2mgo,NPK Flores de corte 15-5-30-2MgO,P,2.1821,,Comercialización común (formulación agroindustrial); fuente: Común en distribuidores agroquímicos de Colombia (insumo genérico)
npk_flores_de_corte_15_5_30_2mgo,NPK Flores de corte 15-5-30-2MgO,K,24.9045,,Comercialización común (formulación agroindustrial); fuente: Común en distribuidores agroquímicos de Colombia (insumo genérico)
npk_flores_de_corte_12_8_24_3s,NPK Flores de corte 12-8-24-3S,N,12,,Comercialización común (formulación agroindustrial); fuente: Común en distribuidores agroquímicos de Colombia (insumo genérico)
npk_flores_de_corte_12_8_24_3s,NPK Flores de corte 12-8-24-3S,P,3.4914,,Comercialización común (formulación agroindustrial); fuente: Común en distribuidores agroquímicos de Colombia (insumo genérico)
npk_flores_de_corte_12_8_24_3s,NPK Flores de corte 12-8-24-3S,K,19.9236,,Comercialización común (formulación agroindustrial); fuente: Común en distribuidores agroquímicos de Colombia (insumo genérico)
npk_flores_de_corte_12_8_24_3s,NPK Flores de corte 12-8-24-3S,S,3,,Comercialización común (formulación agroindustrial); fuente: Común en distribuidores agroquímicos de Colombia (insumo genérico)
npk_rosas_fertirriego_18_9_18,NPK Rosas fertirriego 18-9-18,N,18,,Comercialización común (formulación agroindustrial); fuente: Común en distribuidores agroquímicos de Colombia (insumo genérico)
npk_rosas_fertirriego_18_9_18,NPK Rosas fertirriego 18-9-18,P,3.9278,,Comercialización común (formulación agroindustrial); fuente: Común en distribuidores agroquímicos de Colombia (insumo genérico)
npk_rosas_fertirriego_18_9_18,NPK Rosas fertirriego 18-9-18,K,14.9427,,Comercialización común (formulación agroindustrial); fuente: Común en distribuidores agroquímicos de Colombia (insumo genérico)
npk_hortalizas_12_24_12,NPK Hortalizas 12-24-12,N,12,,Comercialización común (formulación agroindustrial); fuente: Común en distribuidores agroquímicos de Colombia (insumo genérico)
npk_hortalizas_12_24_12,NPK Hortalizas 12-24-12,P,10.4742,,Comercialización común (formulación agroindustrial); fuente: Común en distribuidores agroquímicos de Colombia (insumo genérico)
npk_hortalizas_12_24_12,NPK Hortalizas 12-24-12,K,9.9618,,Comercialización común (formulación agroindustrial); fuente: Común en distribuidores agroquímicos de Colombia (insumo genérico)
npk_hortalizas_15_9_20,NPK Hortalizas 15-9-20,N,15,,Comercialización común (formulación agroindustrial); fuente: Común en distribuidores agroquímicos de Colombia (insumo genérico)
npk_hortalizas_15_9_20,NPK Hortalizas 15-9-20,P,3.9278,,Comercialización común (formulación agroindustrial); fuente: Común en distribuidores agroquímicos de Colombia (insumo genérico)
npk_hortalizas_15_9_20,NPK Hortalizas 15-9-20,K,16.603,,Comercialización común (formulación agroindustrial); fuente: Común en distribuidores agroquímicos de Colombia (insumo genérico)
npk_tomate_fertirriego_20_10_20,NPK Tomate fertirriego 20-10-20,N,20,,Comercialización común (formulación agroindustrial); fuente: Común en distribuidores agroquímicos de Colombia (insumo genérico)
npk_tomate_fertirriego_20_10_20,NPK Tomate fertirriego 20-10-20,P,4.3643,,Comercialización común (formulación agroindustrial); fuente: Común en distribuidores agroquímicos de Colombia (insumo genérico)
npk_tomate_fertirriego_20_10_20,NPK Tomate fertirriego 20-10-20,K,16.603,,Comercialización común (formulación agroindustrial); fuente: Común en distribuidores agroquímicos de Colombia (insumo genérico)
npk_cacao_15_15_20_2mgo,NPK Cacao 15-15-20-2MgO,N,15,,Comercialización común (formulación agroindustrial); fuente: Común en distribuidores agroquímicos de Colombia (insumo genérico)
npk_cacao_15_15_20_2mgo,NPK Cacao 15-15-20-2MgO,P,6.5464,,Comercialización común (formulación agroindustrial); fuente: Común en distribuidores agroquímicos de Colombia (insumo genérico)
npk_cacao_15_15_20_2mgo,NPK Cacao 15-15-20-2MgO,K,16.603,,Comercialización común (formulación agroindustrial); fuente: Común en distribuidores agroquímicos de Colombia (insumo genérico)
npk_cacao_12_11_18_2mgo,NPK Cacao 12-11-18-2MgO,N,12,,Comercialización común (formulación agroindustrial); fuente: Común en distribuidores agroquímicos de Colombia (insumo genérico)
npk_cacao_12_11_18_2mgo,NPK Cacao 12-11-18-2MgO,P,4.8007,,Comercialización común (formulación agroindustrial); fuente: Común en distribuidores agroquímicos de Colombia (insumo genérico)
npk_cacao_12_11_18_2mgo,NPK Cacao 12-11-18-2MgO,K,14.9427,,Comercialización común (formulación agroindustrial); fuente: Común en distribuidores agroquímicos de Colombia (insumo genérico)
npk_frutales_10_10_18_2mgo,NPK Frutales 10-10-18-2MgO,N,10,,Comercialización común (formulación agroindustrial); fuente: Común en distribuidores agroquímicos de Colombia (insumo genérico)
npk_frutales_10_10_18_2mgo,NPK Frutales 10-10-18-2MgO,P,4.3643,,Comercialización común (formulación agroindustrial); fuente: Común en distribuidores agroquímicos de Colombia (insumo genérico)
npk_frutales_10_10_18_2mgo,NPK Frutales 10-10-18-2MgO,K,14.9427,,Comercialización común (formulación agroindustrial); fuente: Común en distribuidores agroquímicos de Colombia (insumo genérico)
npk_fresa_fertirriego_15_5_30,NPK Fresa fertirriego 15-5-30,N,15,,Comercialización común (formulación agroindustrial); fuente: Común en distribuidores agroquímicos de Colombia (insumo genérico)
npk_fresa_fertirriego_15_5_30,NPK Fresa fertirriego 15-5-30,P,2.1821,,Comercialización común (formulación agroindustrial); fuente: Común en distribuidores agroquímicos de Colombia (insumo genérico)
npk_fresa_fertirriego_15_5_30,NPK Fresa fertirriego 15-5-30,K,24.9045,,Comercialización común (formulación agroindustrial); fuente: Común en distribuidores agroquímicos de Colombia (insumo genérico)
npk_yuca_12_12_17_2mgo,NPK Yuca 12-12-17-2MgO,N,12,,Comercialización común (formulación agroindustrial); fuente: Común en distribuidores agroquímicos de Colombia (insumo genérico)
npk_yuca_12_12_17_2mgo,NPK Yuca 12-12-17-2MgO,P,5.2371,,Comercialización común (formulación agroindustrial); fuente: Común en distribuidores agroquímicos de Colombia (insumo genérico)
npk_yuca_12_12_17_2mgo,NPK Yuca 12-12-17-2MgO,K,14.1126,,Comercialización común (formulación agroindustrial); fuente: Común en distribuidores agroquímicos de Colombia (insumo genérico)
npk_frijol_10_30_10,NPK Fríjol 10-30-10,N,10,,Comercialización común (formulación agroindustrial); fuente: Común en distribuidores agroquímicos de Colombia (insumo genérico)
npk_frijol_10_30_10,NPK Fríjol 10-30-10,P,13.0928,,Comercialización común (formulación agroindustrial); fuente: Común en distribuidores agroquímicos de Colombia (insumo genérico)
npk_frijol_10_30_10,NPK Fríjol 10-30-10,K,8.3015,,Comercialización común (formulación agroindustrial); fuente: Común en distribuidores agroquímicos de Colombia (insumo genérico)
npk_algodon_15_15_15,NPK Algodón 15-15-15,N,15,,Comercialización común (formulación agroindustrial); fuente: Común en distribuidores agroquímicos de Colombia (insumo genérico)
npk_algodon_15_15_15,NPK Algodón 15-15-15,P,6.5464,,Comercialización común (formulación agroindustrial); fuente: Común en distribuidores agroquímicos de Colombia (insumo genérico)
npk_algodon_15_15_15,NPK Algodón 15-15-15,K,12.4523,,Comercialización común (formulación agroindustrial); fuente: Común en distribuidores agroquímicos de Colombia (insumo genérico)
npk_sorgo_20_20_0,NPK Sorgo 20-20-0,N,20,,Comercialización común (formulación agroindustrial); fuente: Común en distribuidores agroquímicos de Colombia (insumo genérico)
npk_sorgo_20_20_0,NPK Sorgo 20-20-0,P,8.7285,,Comercialización común (formulación agroindustrial); fuente: Común en distribuidores agroquímicos de Colombia (insumo genérico)
npk_tabaco_12_8_24_4mgo,NPK Tabaco 12-8-24-4MgO,N,12,,Comercialización común (formulación agroindustrial); fuente: Común en distribuidores agroquímicos de Colombia (insumo genérico)
npk_tabaco_12_8_24_4mgo,NPK Tabaco 12-8-24-4MgO,P,3.4914,,Comercialización común (formulación agroindustrial); fuente: Común en distribuidores agroquímicos de Colombia (insumo genérico)
npk_tabaco_12_8_24_4mgo,NPK Tabaco 12-8-24-4MgO,K,19.9236,,Comercialización común (formulación agroindustrial); fuente: Común en distribuidores agroquímicos de Colombia (insumo genérico)
npk_tabaco_12_8_24_4mgo,NPK Tabaco 12-8-24-4MgO,S,4,,Comercialización común (formulación agroindustrial); fuente: Común en distribuidores agroquímicos de Colombia (insumo genérico)
npk_pina_12_6_24_3mgo,NPK Piña 12-6-24-3MgO,N,12,,Comercialización común (formulación agroindustrial); fuente: Común en distribuidores agroquímicos de Colombia (insumo genérico)
npk_pina_12_6_24_3mgo,NPK Piña 12-6-24-3MgO,P,2.6186,,Comercialización común (formulación agroindustrial); fuente: Común en distribuidores agroquímicos de Colombia (insumo genérico)
npk_pina_12_6_24_3mgo,NPK Piña 12-6-24-3MgO,K,19.9236,,Comercialización común (formulación agroindustrial); fuente: Común en distribuidores agroquímicos de Colombia (insumo genérico)
npk_mango_14_8_22_3mgo,NPK Mango 14-8-22-3MgO,N,14,,Comercialización común (formulación agroindustrial); fuente: Común en distribuidores agroquímicos de Colombia (insumo genérico)
npk_mango_14_8_22_3mgo,NPK Mango 14-8-22-3MgO,P,3.4914,,Comercialización común (formulación agroindustrial); fuente: Común en distribuidores agroquímicos de Colombia (insumo genérico)
npk_mango_14_8_22_3mgo,NPK Mango 14-8-22-3MgO,K,18.2633,,Comercialización común (formulación agroindustrial); fuente: Común en distribuidores agroquímicos de Colombia (insumo genérico)
npk_uva_vid_12_8_24,NPK Uva/vid 12-8-24,N,12,,Comercialización común (formulación agroindustrial); fuente: Común en distribuidores agroquímicos de Colombia (insumo genérico)
npk_uva_vid_12_8_24,NPK Uva/vid 12-8-24,P,3.4914,,Comercialización común (formulación agroindustrial); fuente: Común en distribuidores agroquímicos de Colombia (insumo genérico)
npk_uva_vid_12_8_24,NPK Uva/vid 12-8-24,K,19.9236,,Comercialización común (formulación agroindustrial); fuente: Común en distribuidores agroquímicos de Colombia (insumo genérico)
npk_ornamentales_de_vivero_19_6_12,NPK Ornamentales de vivero 19-6-12,N,19,,Comercialización común (formulación agroindustrial); fuente: Común en distribuidores agroquímicos de Colombia (insumo genérico)
npk_ornamentales_de_vivero_19_6_12,NPK Ornamentales de vivero 19-6-12,P,2.6186,,Comercialización común (formulación agroindustrial); fuente: Común en distribuidores agroquímicos de Colombia (insumo genérico)
npk_ornamentales_de_vivero_19_6_12,NPK Ornamentales de vivero 19-6-12,K,9.9618,,Comercialización común (formulación agroindustrial); fuente: Común en distribuidores agroquímicos de Colombia (insumo genérico)
npk_praderas_de_leche_21_4_14,NPK Praderas de leche 21-4-14,N,21,,Comercialización común (formulación agroindustrial); fuente: Común en distribuidores agroquímicos de Colombia (insumo genérico)
npk_praderas_de_leche_21_4_14,NPK Praderas de leche 21-4-14,P,1.7457,,Comercialización común (formulación agroindustrial); fuente: Común en distribuidores agroquímicos de Colombia (insumo genérico)
npk_praderas_de_leche_21_4_14,NPK Praderas de leche 21-4-14,K,11.6221,,Comercialización común (formulación agroindustrial); fuente: Común en distribuidores agroquímicos de Colombia (insumo genérico)
npk_praderas_de_ceba_18_4_18,NPK Praderas de ceba 18-4-18,N,18,,Comercialización común (formulación agroindustrial); fuente: Común en distribuidores agroquímicos de Colombia (insumo genérico)
npk_praderas_de_ceba_18_4_18,NPK Praderas de ceba 18-4-18,P,1.7457,,Comercialización común (formulación agroindustrial); fuente: Común en distribuidores agroquímicos de Colombia (insumo genérico)
npk_praderas_de_ceba_18_4_18,NPK Praderas de ceba 18-4-18,K,14.9427,,Comercialización común (formulación agroindustrial); fuente: Común en distribuidores agroquímicos de Colombia (insumo genérico)
npk_soya_8_24_16,NPK Soya 8-24-16,N,8,,Comercialización común (formulación agroindustrial); fuente: Común en distribuidores agroquímicos de Colombia (insumo genérico)
npk_soya_8_24_16,NPK Soya 8-24-16,P,10.4742,,Comercialización común (formulación agroindustrial); fuente: Común en distribuidores agroquímicos de Colombia (insumo genérico)
npk_soya_8_24_16,NPK Soya 8-24-16,K,13.2824,,Comercialización común (formulación agroindustrial); fuente: Común en distribuidores agroquímicos de Colombia (insumo genérico)
npk_girasol_12_24_12,NPK Girasol 12-24-12,N,12,,Comercialización común (formulación agroindustrial); fuente: Común en distribuidores agroquímicos de Colombia (insumo genérico)
npk_girasol_12_24_12,NPK Girasol 12-24-12,P,10.4742,,Comercialización común (formulación agroindustrial); fuente: Común en distribuidores agroquímicos de Colombia (insumo genérico)
npk_girasol_12_24_12,NPK Girasol 12-24-12,K,9.9618,,Comercialización común (formulación agroindustrial); fuente: Común en distribuidores agroquímicos de Colombia (insumo genérico)
npk_trigo_15_25_10,NPK Trigo 15-25-10,N,15,,Comercialización común (formulación agroindustrial); fuente: Común en distribuidores agroquímicos de Colombia (insumo genérico)
npk_trigo_15_25_10,NPK Trigo 15-25-10,P,10.9107,,Comercialización común (formulación agroindustrial); fuente: Común en distribuidores agroquímicos de Colombia (insumo genérico)
npk_trigo_15_25_10,NPK Trigo 15-25-10,K,8.3015,,Comercialización común (formulación agroindustrial); fuente: Común en distribuidores agroquímicos de Colombia (insumo genérico)
npk_cebada_12_24_12,NPK Cebada 12-24-12,N,12,,Comercialización común (formulación agroindustrial); fuente: Común en distribuidores agroquímicos de Colombia (insumo genérico)
npk_cebada_12_24_12,NPK Cebada 12-24-12,P,10.4742,,Comercialización común (formulación agroindustrial); fuente: Común en distribuidores agroquímicos de Colombia (insumo genérico)
npk_cebada_12_24_12,NPK Cebada 12-24-12,K,9.9618,,Comercialización común (formulación agroindustrial); fuente: Común en distribuidores agroquímicos de Colombia (insumo genérico)
npk_papaya_14_6_24_3mgo,NPK Papaya 14-6-24-3MgO,N,14,,Comercialización común (formulación agroindustrial); fuente: Común en distribuidores agroquímicos de Colombia (insumo genérico)
npk_papaya_14_6_24_3mgo,NPK Papaya 14-6-24-3MgO,P,2.6186,,Comercialización común (formulación agroindustrial); fuente: Común en distribuidores agroquímicos de Colombia (insumo genérico)
npk_papaya_14_6_24_3mgo,NPK Papaya 14-6-24-3MgO,K,19.9236,,Comercialización común (formulación agroindustrial); fuente: Común en distribuidores agroquímicos de Colombia (insumo genérico)
npk_granadilla_maracuya_15_8_25_3mgo,NPK Granadilla/maracuyá 15-8-25-3MgO,N,15,,Comercialización común (formulación agroindustrial); fuente: Común en distribuidores agroquímicos de Colombia (insumo genérico)
npk_granadilla_maracuya_15_8_25_3mgo,NPK Granadilla/maracuyá 15-8-25-3MgO,P,3.4914,,Comercialización común (formulación agroindustrial); fuente: Común en distribuidores agroquímicos de Colombia (insumo genérico)
npk_granadilla_maracuya_15_8_25_3mgo,NPK Granadilla/maracuyá 15-8-25-3MgO,K,20.7538,,Comercialización común (formulación agroindustrial); fuente: Común en distribuidores agroquímicos de Colombia (insumo genérico)
npk_te_hierbas_aromaticas_20_10_10,NPK Té/hierbas aromáticas 20-10-10,N,20,,Comercialización común (formulación agroindustrial); fuente: Común en distribuidores agroquímicos de Colombia (insumo genérico)
npk_te_hierbas_aromaticas_20_10_10,NPK Té/hierbas aromáticas 20-10-10,P,4.3643,,Comercialización común (formulación agroindustrial); fuente: Común en distribuidores agroquímicos de Colombia (insumo genérico)
npk_te_hierbas_aromaticas_20_10_10,NPK Té/hierbas aromáticas 20-10-10,K,8.3015,,Comercialización común (formulación agroindustrial); fuente: Común en distribuidores agroquímicos de Colombia (insumo genérico)
npk_vivero_forestal_18_6_12,NPK Vivero forestal 18-6-12,N,18,,Comercialización común (formulación agroindustrial); fuente: Común en distribuidores agroquímicos de Colombia (insumo genérico)
npk_vivero_forestal_18_6_12,NPK Vivero forestal 18-6-12,P,2.6186,,Comercialización común (formulación agroindustrial); fuente: Común en distribuidores agroquímicos de Colombia (insumo genérico)
npk_vivero_forestal_18_6_12,NPK Vivero forestal 18-6-12,K,9.9618,,Comercialización común (formulación agroindustrial); fuente: Común en distribuidores agroquímicos de Colombia (insumo genérico)
npk_soluble_20_20_20_micros,NPK soluble 20-20-20 + micros,N,20,,Comercialización común (fertirriego/foliar); fuente: Grado técnico/soluble - estándar industria fertirriego
npk_soluble_20_20_20_micros,NPK soluble 20-20-20 + micros,P,8.7285,,Comercialización común (fertirriego/foliar); fuente: Grado técnico/soluble - estándar industria fertirriego
npk_soluble_20_20_20_micros,NPK soluble 20-20-20 + micros,K,16.603,,Comercialización común (fertirriego/foliar); fuente: Grado técnico/soluble - estándar industria fertirriego
npk_soluble_15_30_15,NPK soluble 15-30-15,N,15,,Comercialización común (fertirriego/foliar); fuente: Grado técnico/soluble - estándar industria fertirriego
npk_soluble_15_30_15,NPK soluble 15-30-15,P,13.0928,,Comercialización común (fertirriego/foliar); fuente: Grado técnico/soluble - estándar industria fertirriego
npk_soluble_15_30_15,NPK soluble 15-30-15,K,12.4523,,Comercialización común (fertirriego/foliar); fuente: Grado técnico/soluble - estándar industria fertirriego
npk_soluble_10_52_10,NPK soluble 10-52-10,N,10,,Comercialización común (fertirriego/foliar); fuente: Grado técnico/soluble - estándar industria fertirriego
npk_soluble_10_52_10,NPK soluble 10-52-10,P,22.6942,,Comercialización común (fertirriego/foliar); fuente: Grado técnico/soluble - estándar industria fertirriego
npk_soluble_10_52_10,NPK soluble 10-52-10,K,8.3015,,Comercialización común (fertirriego/foliar); fuente: Grado técnico/soluble - estándar industria fertirriego
npk_soluble_13_40_13,NPK soluble 13-40-13,N,13,,Comercialización común (fertirriego/foliar); fuente: Grado técnico/soluble - estándar industria fertirriego
npk_soluble_13_40_13,NPK soluble 13-40-13,P,17.4571,,Comercialización común (fertirriego/foliar); fuente: Grado técnico/soluble - estándar industria fertirriego
npk_soluble_13_40_13,NPK soluble 13-40-13,K,10.792,,Comercialización común (fertirriego/foliar); fuente: Grado técnico/soluble - estándar industria fertirriego
npk_soluble_4_11_35_2mgo,NPK soluble 4-11-35-2MgO,N,4,,Comercialización común (fertirriego/foliar); fuente: Grado técnico/soluble - estándar industria fertirriego
npk_soluble_4_11_35_2mgo,NPK soluble 4-11-35-2MgO,P,4.8007,,Comercialización común (fertirriego/foliar); fuente: Grado técnico/soluble - estándar industria fertirriego
npk_soluble_4_11_35_2mgo,NPK soluble 4-11-35-2MgO,K,29.0553,,Comercialización común (fertirriego/foliar); fuente: Grado técnico/soluble - estándar industria fertirriego
npk_soluble_8_15_36,NPK soluble 8-15-36,N,8,,Comercialización común (fertirriego/foliar); fuente: Grado técnico/soluble - estándar industria fertirriego
npk_soluble_8_15_36,NPK soluble 8-15-36,P,6.5464,,Comercialización común (fertirriego/foliar); fuente: Grado técnico/soluble - estándar industria fertirriego
npk_soluble_8_15_36,NPK soluble 8-15-36,K,29.8855,,Comercialización común (fertirriego/foliar); fuente: Grado técnico/soluble - estándar industria fertirriego
npk_soluble_32_10_10,NPK soluble 32-10-10,N,32,,Comercialización común (fertirriego/foliar); fuente: Grado técnico/soluble - estándar industria fertirriego
npk_soluble_32_10_10,NPK soluble 32-10-10,P,4.3643,,Comercialización común (fertirriego/foliar); fuente: Grado técnico/soluble - estándar industria fertirriego
npk_soluble_32_10_10,NPK soluble 32-10-10,K,8.3015,,Comercialización común (fertirriego/foliar); fuente: Grado técnico/soluble - estándar industria fertirriego
npk_soluble_18_18_18_micros,NPK soluble 18-18-18 + micros,N,18,,Comercialización común (fertirriego/foliar); fuente: Grado técnico/soluble - estándar industria fertirriego
npk_soluble_18_18_18_micros,NPK soluble 18-18-18 + micros,P,7.8557,,Comercialización común (fertirriego/foliar); fuente: Grado técnico/soluble - estándar industria fertirriego
npk_soluble_18_18_18_micros,NPK soluble 18-18-18 + micros,K,14.9427,,Comercialización común (fertirriego/foliar); fuente: Grado técnico/soluble - estándar industria fertirriego
npk_soluble_9_45_15,NPK soluble 9-45-15,N,9,,Comercialización común (fertirriego/foliar); fuente: Grado técnico/soluble - estándar industria fertirriego
npk_soluble_9_45_15,NPK soluble 9-45-15,P,19.6392,,Comercialización común (fertirriego/foliar); fuente: Grado técnico/soluble - estándar industria fertirriego
npk_soluble_9_45_15,NPK soluble 9-45-15,K,12.4523,,Comercialización común (fertirriego/foliar); fuente: Grado técnico/soluble - estándar industria fertirriego
npk_soluble_6_30_30,NPK soluble 6-30-30,N,6,,Comercialización común (fertirriego/foliar); fuente: Grado técnico/soluble - estándar industria fertirriego
npk_soluble_6_30_30,NPK soluble 6-30-30,P,13.0928,,Comercialización común (fertirriego/foliar); fuente: Grado técnico/soluble - estándar industria fertirriego
npk_soluble_6_30_30,NPK soluble 6-30-30,K,24.9045,,Comercialización común (fertirriego/foliar); fuente: Grado técnico/soluble - estándar industria fertirriego
npk_soluble_0_52_34_mkp,NPK soluble 0-52-34 (MKP),P,22.6942,,Comercialización común (fertirriego/foliar); fuente: Grado técnico/soluble - estándar industria fertirriego
npk_soluble_0_52_34_mkp,NPK soluble 0-52-34 (MKP),K,28.2251,,Comercialización común (fertirriego/foliar); fuente: Grado técnico/soluble - estándar industria fertirriego
npk_soluble_13_0_46_nitrato_de_potasio,NPK soluble 13-0-46 (nitrato de potasio),N,13,,Comercialización común (fertirriego/foliar); fuente: Grado técnico/soluble - estándar industria fertirriego
npk_soluble_13_0_46_nitrato_de_potasio,NPK soluble 13-0-46 (nitrato de potasio),K,38.187,,Comercialización común (fertirriego/foliar); fuente: Grado técnico/soluble - estándar industria fertirriego
npk_soluble_15_5_0_0_19ca,NPK soluble 15.5-0-0+19Ca,N,15.5,,Comercialización común (fertirriego/foliar); fuente: Grado técnico/soluble - estándar industria fertirriego
npk_soluble_12_4_6_2mgo_foliar,NPK soluble 12-4-6-2MgO foliar,N,12,,Comercialización común (fertirriego/foliar); fuente: Grado técnico/soluble - estándar industria fertirriego
npk_soluble_12_4_6_2mgo_foliar,NPK soluble 12-4-6-2MgO foliar,P,1.7457,,Comercialización común (fertirriego/foliar); fuente: Grado técnico/soluble - estándar industria fertirriego
npk_soluble_12_4_6_2mgo_foliar,NPK soluble 12-4-6-2MgO foliar,K,4.9809,,Comercialización común (fertirriego/foliar); fuente: Grado técnico/soluble - estándar industria fertirriego
npk_soluble_3_11_38_micros,NPK soluble 3-11-38+micros,N,3,,Comercialización común (fertirriego/foliar); fuente: Grado técnico/soluble - estándar industria fertirriego
npk_soluble_3_11_38_micros,NPK soluble 3-11-38+micros,P,4.8007,,Comercialización común (fertirriego/foliar); fuente: Grado técnico/soluble - estándar industria fertirriego
npk_soluble_3_11_38_micros,NPK soluble 3-11-38+micros,K,31.5458,,Comercialización común (fertirriego/foliar); fuente: Grado técnico/soluble - estándar industria fertirriego
npk_soluble_21_27_5,NPK soluble 21-27-5,N,21,,Comercialización común (fertirriego/foliar); fuente: Grado técnico/soluble - estándar industria fertirriego
npk_soluble_21_27_5,NPK soluble 21-27-5,P,11.7835,,Comercialización común (fertirriego/foliar); fuente: Grado técnico/soluble - estándar industria fertirriego
npk_soluble_21_27_5,NPK soluble 21-27-5,K,4.1508,,Comercialización común (fertirriego/foliar); fuente: Grado técnico/soluble - estándar industria fertirriego
npk_soluble_8_45_15,NPK soluble 8-45-15,N,8,,Comercialización común (fertirriego/foliar); fuente: Grado técnico/soluble - estándar industria fertirriego
npk_soluble_8_45_15,NPK soluble 8-45-15,P,19.6392,,Comercialización común (fertirriego/foliar); fuente: Grado técnico/soluble - estándar industria fertirriego
npk_soluble_8_45_15,NPK soluble 8-45-15,K,12.4523,,Comercialización común (fertirriego/foliar); fuente: Grado técnico/soluble - estándar industria fertirriego
npk_soluble_5_15_45,NPK soluble 5-15-45,N,5,,Comercialización común (fertirriego/foliar); fuente: Grado técnico/soluble - estándar industria fertirriego
npk_soluble_5_15_45,NPK soluble 5-15-45,P,6.5464,,Comercialización común (fertirriego/foliar); fuente: Grado técnico/soluble - estándar industria fertirriego
npk_soluble_5_15_45,NPK soluble 5-15-45,K,37.3568,,Comercialización común (fertirriego/foliar); fuente: Grado técnico/soluble - estándar industria fertirriego
npk_soluble_16_8_32,NPK soluble 16-8-32,N,16,,Comercialización común (fertirriego/foliar); fuente: Grado técnico/soluble - estándar industria fertirriego
npk_soluble_16_8_32,NPK soluble 16-8-32,P,3.4914,,Comercialización común (fertirriego/foliar); fuente: Grado técnico/soluble - estándar industria fertirriego
npk_soluble_16_8_32,NPK soluble 16-8-32,K,26.5648,,Comercialización común (fertirriego/foliar); fuente: Grado técnico/soluble - estándar industria fertirriego
npk_soluble_12_12_36,NPK soluble 12-12-36,N,12,,Comercialización común (fertirriego/foliar); fuente: Grado técnico/soluble - estándar industria fertirriego
npk_soluble_12_12_36,NPK soluble 12-12-36,P,5.2371,,Comercialización común (fertirriego/foliar); fuente: Grado técnico/soluble - estándar industria fertirriego
npk_soluble_12_12_36,NPK soluble 12-12-36,K,29.8855,,Comercialización común (fertirriego/foliar); fuente: Grado técnico/soluble - estándar industria fertirriego
npk_soluble_24_8_16,NPK soluble 24-8-16,N,24,,Comercialización común (fertirriego/foliar); fuente: Grado técnico/soluble - estándar industria fertirriego
npk_soluble_24_8_16,NPK soluble 24-8-16,P,3.4914,,Comercialización común (fertirriego/foliar); fuente: Grado técnico/soluble - estándar industria fertirriego
npk_soluble_24_8_16,NPK soluble 24-8-16,K,13.2824,,Comercialización común (fertirriego/foliar); fuente: Grado técnico/soluble - estándar industria fertirriego
npk_soluble_6_12_36_4mgo,NPK soluble 6-12-36-4MgO,N,6,,Comercialización común (fertirriego/foliar); fuente: Grado técnico/soluble - estándar industria fertirriego
npk_soluble_6_12_36_4mgo,NPK soluble 6-12-36-4MgO,P,5.2371,,Comercialización común (fertirriego/foliar); fuente: Grado técnico/soluble - estándar industria fertirriego
npk_soluble_6_12_36_4mgo,NPK soluble 6-12-36-4MgO,K,29.8855,,Comercialización común (fertirriego/foliar); fuente: Grado técnico/soluble - estándar industria fertirriego
npk_soluble_19_6_6,NPK soluble 19-6-6,N,19,,Comercialización común (fertirriego/foliar); fuente: Grado técnico/soluble - estándar industria fertirriego
npk_soluble_19_6_6,NPK soluble 19-6-6,P,2.6186,,Comercialización común (fertirriego/foliar); fuente: Grado técnico/soluble - estándar industria fertirriego
npk_soluble_19_6_6,NPK soluble 19-6-6,K,4.9809,,Comercialización común (fertirriego/foliar); fuente: Grado técnico/soluble - estándar industria fertirriego
npk_soluble_7_7_40,NPK soluble 7-7-40,N,7,,Comercialización común (fertirriego/foliar); fuente: Grado técnico/soluble - estándar industria fertirriego
npk_soluble_7_7_40,NPK soluble 7-7-40,P,3.055,,Comercialización común (fertirriego/foliar); fuente: Grado técnico/soluble - estándar industria fertirriego
npk_soluble_7_7_40,NPK soluble 7-7-40,K,33.2061,,Comercialización común (fertirriego/foliar); fuente: Grado técnico/soluble - estándar industria fertirriego
npk_soluble_10_10_10_foliar_con_micros,NPK soluble 10-10-10 foliar con micros,N,10,,Comercialización común (fertirriego/foliar); fuente: Grado técnico/soluble - estándar industria fertirriego
npk_soluble_10_10_10_foliar_con_micros,NPK soluble 10-10-10 foliar con micros,P,4.3643,,Comercialización común (fertirriego/foliar); fuente: Grado técnico/soluble - estándar industria fertirriego
npk_soluble_10_10_10_foliar_con_micros,NPK soluble 10-10-10 foliar con micros,K,8.3015,,Comercialización común (fertirriego/foliar); fuente: Grado técnico/soluble - estándar industria fertirriego
bulk_blend_10_20_20_3s,Bulk blend 10-20-20-3S,N,10,,Comercialización regional (planta de mezcla local); fuente: Plantas de bulk-blending regionales - genérico
bulk_blend_10_20_20_3s,Bulk blend 10-20-20-3S,P,8.7285,,Comercialización regional (planta de mezcla local); fuente: Plantas de bulk-blending regionales - genérico
bulk_blend_10_20_20_3s,Bulk blend 10-20-20-3S,K,16.603,,Comercialización regional (planta de mezcla local); fuente: Plantas de bulk-blending regionales - genérico
bulk_blend_10_20_20_3s,Bulk blend 10-20-20-3S,S,3,,Comercialización regional (planta de mezcla local); fuente: Plantas de bulk-blending regionales - genérico
bulk_blend_15_15_15_3s,Bulk blend 15-15-15-3S,N,15,,Comercialización regional (planta de mezcla local); fuente: Plantas de bulk-blending regionales - genérico
bulk_blend_15_15_15_3s,Bulk blend 15-15-15-3S,P,6.5464,,Comercialización regional (planta de mezcla local); fuente: Plantas de bulk-blending regionales - genérico
bulk_blend_15_15_15_3s,Bulk blend 15-15-15-3S,K,12.4523,,Comercialización regional (planta de mezcla local); fuente: Plantas de bulk-blending regionales - genérico
bulk_blend_15_15_15_3s,Bulk blend 15-15-15-3S,S,3,,Comercialización regional (planta de mezcla local); fuente: Plantas de bulk-blending regionales - genérico
bulk_blend_12_24_12_2s,Bulk blend 12-24-12-2S,N,12,,Comercialización regional (planta de mezcla local); fuente: Plantas de bulk-blending regionales - genérico
bulk_blend_12_24_12_2s,Bulk blend 12-24-12-2S,P,10.4742,,Comercialización regional (planta de mezcla local); fuente: Plantas de bulk-blending regionales - genérico
bulk_blend_12_24_12_2s,Bulk blend 12-24-12-2S,K,9.9618,,Comercialización regional (planta de mezcla local); fuente: Plantas de bulk-blending regionales - genérico
bulk_blend_12_24_12_2s,Bulk blend 12-24-12-2S,S,2,,Comercialización regional (planta de mezcla local); fuente: Plantas de bulk-blending regionales - genérico
bulk_blend_17_6_18_3s_2mgo,Bulk blend 17-6-18-3S-2MgO,N,17,,Comercialización regional (planta de mezcla local); fuente: Plantas de bulk-blending regionales - genérico
bulk_blend_17_6_18_3s_2mgo,Bulk blend 17-6-18-3S-2MgO,P,2.6186,,Comercialización regional (planta de mezcla local); fuente: Plantas de bulk-blending regionales - genérico
bulk_blend_17_6_18_3s_2mgo,Bulk blend 17-6-18-3S-2MgO,K,14.9427,,Comercialización regional (planta de mezcla local); fuente: Plantas de bulk-blending regionales - genérico
bulk_blend_17_6_18_3s_2mgo,Bulk blend 17-6-18-3S-2MgO,S,3,,Comercialización regional (planta de mezcla local); fuente: Plantas de bulk-blending regionales - genérico
bulk_blend_25_4_24_3s,Bulk blend 25-4-24-3S,N,25,,Comercialización regional (planta de mezcla local); fuente: Plantas de bulk-blending regionales - genérico
bulk_blend_25_4_24_3s,Bulk blend 25-4-24-3S,P,1.7457,,Comercialización regional (planta de mezcla local); fuente: Plantas de bulk-blending regionales - genérico
bulk_blend_25_4_24_3s,Bulk blend 25-4-24-3S,K,19.9236,,Comercialización regional (planta de mezcla local); fuente: Plantas de bulk-blending regionales - genérico
bulk_blend_25_4_24_3s,Bulk blend 25-4-24-3S,S,3,,Comercialización regional (planta de mezcla local); fuente: Plantas de bulk-blending regionales - genérico
bulk_blend_10_30_10_2s,Bulk blend 10-30-10-2S,N,10,,Comercialización regional (planta de mezcla local); fuente: Plantas de bulk-blending regionales - genérico
bulk_blend_10_30_10_2s,Bulk blend 10-30-10-2S,P,13.0928,,Comercialización regional (planta de mezcla local); fuente: Plantas de bulk-blending regionales - genérico
bulk_blend_10_30_10_2s,Bulk blend 10-30-10-2S,K,8.3015,,Comercialización regional (planta de mezcla local); fuente: Plantas de bulk-blending regionales - genérico
bulk_blend_10_30_10_2s,Bulk blend 10-30-10-2S,S,2,,Comercialización regional (planta de mezcla local); fuente: Plantas de bulk-blending regionales - genérico
bulk_blend_14_14_14_4s,Bulk blend 14-14-14-4S,N,14,,Comercialización regional (planta de mezcla local); fuente: Plantas de bulk-blending regionales - genérico
bulk_blend_14_14_14_4s,Bulk blend 14-14-14-4S,P,6.11,,Comercialización regional (planta de mezcla local); fuente: Plantas de bulk-blending regionales - genérico
bulk_blend_14_14_14_4s,Bulk blend 14-14-14-4S,K,11.6221,,Comercialización regional (planta de mezcla local); fuente: Plantas de bulk-blending regionales - genérico
bulk_blend_14_14_14_4s,Bulk blend 14-14-14-4S,S,4,,Comercialización regional (planta de mezcla local); fuente: Plantas de bulk-blending regionales - genérico
bulk_blend_9_23_30_3s,Bulk blend 9-23-30-3S,N,9,,Comercialización regional (planta de mezcla local); fuente: Plantas de bulk-blending regionales - genérico
bulk_blend_9_23_30_3s,Bulk blend 9-23-30-3S,P,10.0378,,Comercialización regional (planta de mezcla local); fuente: Plantas de bulk-blending regionales - genérico
bulk_blend_9_23_30_3s,Bulk blend 9-23-30-3S,K,24.9045,,Comercialización regional (planta de mezcla local); fuente: Plantas de bulk-blending regionales - genérico
bulk_blend_9_23_30_3s,Bulk blend 9-23-30-3S,S,3,,Comercialización regional (planta de mezcla local); fuente: Plantas de bulk-blending regionales - genérico
bulk_blend_18_18_18_3s,Bulk blend 18-18-18-3S,N,18,,Comercialización regional (planta de mezcla local); fuente: Plantas de bulk-blending regionales - genérico
bulk_blend_18_18_18_3s,Bulk blend 18-18-18-3S,P,7.8557,,Comercialización regional (planta de mezcla local); fuente: Plantas de bulk-blending regionales - genérico
bulk_blend_18_18_18_3s,Bulk blend 18-18-18-3S,K,14.9427,,Comercialización regional (planta de mezcla local); fuente: Plantas de bulk-blending regionales - genérico
bulk_blend_18_18_18_3s,Bulk blend 18-18-18-3S,S,3,,Comercialización regional (planta de mezcla local); fuente: Plantas de bulk-blending regionales - genérico
bulk_blend_20_10_10_3s,Bulk blend 20-10-10-3S,N,20,,Comercialización regional (planta de mezcla local); fuente: Plantas de bulk-blending regionales - genérico
bulk_blend_20_10_10_3s,Bulk blend 20-10-10-3S,P,4.3643,,Comercialización regional (planta de mezcla local); fuente: Plantas de bulk-blending regionales - genérico
bulk_blend_20_10_10_3s,Bulk blend 20-10-10-3S,K,8.3015,,Comercialización regional (planta de mezcla local); fuente: Plantas de bulk-blending regionales - genérico
bulk_blend_20_10_10_3s,Bulk blend 20-10-10-3S,S,3,,Comercialización regional (planta de mezcla local); fuente: Plantas de bulk-blending regionales - genérico
bulk_blend_12_12_17_2s_2mgo,Bulk blend 12-12-17-2S-2MgO,N,12,,Comercialización regional (planta de mezcla local); fuente: Plantas de bulk-blending regionales - genérico
bulk_blend_12_12_17_2s_2mgo,Bulk blend 12-12-17-2S-2MgO,P,5.2371,,Comercialización regional (planta de mezcla local); fuente: Plantas de bulk-blending regionales - genérico
bulk_blend_12_12_17_2s_2mgo,Bulk blend 12-12-17-2S-2MgO,K,14.1126,,Comercialización regional (planta de mezcla local); fuente: Plantas de bulk-blending regionales - genérico
bulk_blend_12_12_17_2s_2mgo,Bulk blend 12-12-17-2S-2MgO,S,2,,Comercialización regional (planta de mezcla local); fuente: Plantas de bulk-blending regionales - genérico
bulk_blend_8_24_24_4s,Bulk blend 8-24-24-4S,N,8,,Comercialización regional (planta de mezcla local); fuente: Plantas de bulk-blending regionales - genérico
bulk_blend_8_24_24_4s,Bulk blend 8-24-24-4S,P,10.4742,,Comercialización regional (planta de mezcla local); fuente: Plantas de bulk-blending regionales - genérico
bulk_blend_8_24_24_4s,Bulk blend 8-24-24-4S,K,19.9236,,Comercialización regional (planta de mezcla local); fuente: Plantas de bulk-blending regionales - genérico
bulk_blend_8_24_24_4s,Bulk blend 8-24-24-4S,S,4,,Comercialización regional (planta de mezcla local); fuente: Plantas de bulk-blending regionales - genérico
bulk_blend_16_16_16_3s,Bulk blend 16-16-16-3S,N,16,,Comercialización regional (planta de mezcla local); fuente: Plantas de bulk-blending regionales - genérico
bulk_blend_16_16_16_3s,Bulk blend 16-16-16-3S,P,6.9828,,Comercialización regional (planta de mezcla local); fuente: Plantas de bulk-blending regionales - genérico
bulk_blend_16_16_16_3s,Bulk blend 16-16-16-3S,K,13.2824,,Comercialización regional (planta de mezcla local); fuente: Plantas de bulk-blending regionales - genérico
bulk_blend_16_16_16_3s,Bulk blend 16-16-16-3S,S,3,,Comercialización regional (planta de mezcla local); fuente: Plantas de bulk-blending regionales - genérico
bulk_blend_13_26_6_3s,Bulk blend 13-26-6-3S,N,13,,Comercialización regional (planta de mezcla local); fuente: Plantas de bulk-blending regionales - genérico
bulk_blend_13_26_6_3s,Bulk blend 13-26-6-3S,P,11.3471,,Comercialización regional (planta de mezcla local); fuente: Plantas de bulk-blending regionales - genérico
bulk_blend_13_26_6_3s,Bulk blend 13-26-6-3S,K,4.9809,,Comercialización regional (planta de mezcla local); fuente: Plantas de bulk-blending regionales - genérico
bulk_blend_13_26_6_3s,Bulk blend 13-26-6-3S,S,3,,Comercialización regional (planta de mezcla local); fuente: Plantas de bulk-blending regionales - genérico
bulk_blend_10_10_20_3s,Bulk blend 10-10-20-3S,N,10,,Comercialización regional (planta de mezcla local); fuente: Plantas de bulk-blending regionales - genérico
bulk_blend_10_10_20_3s,Bulk blend 10-10-20-3S,P,4.3643,,Comercialización regional (planta de mezcla local); fuente: Plantas de bulk-blending regionales - genérico
bulk_blend_10_10_20_3s,Bulk blend 10-10-20-3S,K,16.603,,Comercialización regional (planta de mezcla local); fuente: Plantas de bulk-blending regionales - genérico
bulk_blend_10_10_20_3s,Bulk blend 10-10-20-3S,S,3,,Comercialización regional (planta de mezcla local); fuente: Plantas de bulk-blending regionales - genérico
bulk_blend_6_18_24_4s,Bulk blend 6-18-24-4S,N,6,,Comercialización regional (planta de mezcla local); fuente: Plantas de bulk-blending regionales - genérico
bulk_blend_6_18_24_4s,Bulk blend 6-18-24-4S,P,7.8557,,Comercialización regional (planta de mezcla local); fuente: Plantas de bulk-blending regionales - genérico
bulk_blend_6_18_24_4s,Bulk blend 6-18-24-4S,K,19.9236,,Comercialización regional (planta de mezcla local); fuente: Plantas de bulk-blending regionales - genérico
bulk_blend_6_18_24_4s,Bulk blend 6-18-24-4S,S,4,,Comercialización regional (planta de mezcla local); fuente: Plantas de bulk-blending regionales - genérico
bulk_blend_9_23_30_4s,Bulk blend 9-23-30-4S,N,9,,Comercialización regional (planta de mezcla local); fuente: Plantas de bulk-blending regionales - genérico
bulk_blend_9_23_30_4s,Bulk blend 9-23-30-4S,P,10.0378,,Comercialización regional (planta de mezcla local); fuente: Plantas de bulk-blending regionales - genérico
bulk_blend_9_23_30_4s,Bulk blend 9-23-30-4S,K,24.9045,,Comercialización regional (planta de mezcla local); fuente: Plantas de bulk-blending regionales - genérico
bulk_blend_9_23_30_4s,Bulk blend 9-23-30-4S,S,4,,Comercialización regional (planta de mezcla local); fuente: Plantas de bulk-blending regionales - genérico
bulk_blend_12_24_12_3s,Bulk blend 12-24-12-3S,N,12,,Comercialización regional (planta de mezcla local); fuente: Plantas de bulk-blending regionales - genérico
bulk_blend_12_24_12_3s,Bulk blend 12-24-12-3S,P,10.4742,,Comercialización regional (planta de mezcla local); fuente: Plantas de bulk-blending regionales - genérico
bulk_blend_12_24_12_3s,Bulk blend 12-24-12-3S,K,9.9618,,Comercialización regional (planta de mezcla local); fuente: Plantas de bulk-blending regionales - genérico
bulk_blend_12_24_12_3s,Bulk blend 12-24-12-3S,S,3,,Comercialización regional (planta de mezcla local); fuente: Plantas de bulk-blending regionales - genérico
bulk_blend_14_4_25_3s,Bulk blend 14-4-25-3S,N,14,,Comercialización regional (planta de mezcla local); fuente: Plantas de bulk-blending regionales - genérico
bulk_blend_14_4_25_3s,Bulk blend 14-4-25-3S,P,1.7457,,Comercialización regional (planta de mezcla local); fuente: Plantas de bulk-blending regionales - genérico
bulk_blend_14_4_25_3s,Bulk blend 14-4-25-3S,K,20.7538,,Comercialización regional (planta de mezcla local); fuente: Plantas de bulk-blending regionales - genérico
bulk_blend_14_4_25_3s,Bulk blend 14-4-25-3S,S,3,,Comercialización regional (planta de mezcla local); fuente: Plantas de bulk-blending regionales - genérico
bulk_blend_15_4_23_4s_2mgo,Bulk blend 15-4-23-4S-2MgO,N,15,,Comercialización regional (planta de mezcla local); fuente: Plantas de bulk-blending regionales - genérico
bulk_blend_15_4_23_4s_2mgo,Bulk blend 15-4-23-4S-2MgO,P,1.7457,,Comercialización regional (planta de mezcla local); fuente: Plantas de bulk-blending regionales - genérico
bulk_blend_15_4_23_4s_2mgo,Bulk blend 15-4-23-4S-2MgO,K,19.0935,,Comercialización regional (planta de mezcla local); fuente: Plantas de bulk-blending regionales - genérico
bulk_blend_15_4_23_4s_2mgo,Bulk blend 15-4-23-4S-2MgO,S,4,,Comercialización regional (planta de mezcla local); fuente: Plantas de bulk-blending regionales - genérico
npk_liquido_4_1_8,NPK líquido 4-1-8,N,4,,Comercialización común (fertirriego/foliar); fuente: Grado técnico/soluble - estándar industria fertirriego
npk_liquido_4_1_8,NPK líquido 4-1-8,P,0.4364,,Comercialización común (fertirriego/foliar); fuente: Grado técnico/soluble - estándar industria fertirriego
npk_liquido_4_1_8,NPK líquido 4-1-8,K,6.6412,,Comercialización común (fertirriego/foliar); fuente: Grado técnico/soluble - estándar industria fertirriego
npk_liquido_10_5_5,NPK líquido 10-5-5,N,10,,Comercialización común (fertirriego/foliar); fuente: Grado técnico/soluble - estándar industria fertirriego
npk_liquido_10_5_5,NPK líquido 10-5-5,P,2.1821,,Comercialización común (fertirriego/foliar); fuente: Grado técnico/soluble - estándar industria fertirriego
npk_liquido_10_5_5,NPK líquido 10-5-5,K,4.1508,,Comercialización común (fertirriego/foliar); fuente: Grado técnico/soluble - estándar industria fertirriego
npk_liquido_3_10_10,NPK líquido 3-10-10,N,3,,Comercialización común (fertirriego/foliar); fuente: Grado técnico/soluble - estándar industria fertirriego
npk_liquido_3_10_10,NPK líquido 3-10-10,P,4.3643,,Comercialización común (fertirriego/foliar); fuente: Grado técnico/soluble - estándar industria fertirriego
npk_liquido_3_10_10,NPK líquido 3-10-10,K,8.3015,,Comercialización común (fertirriego/foliar); fuente: Grado técnico/soluble - estándar industria fertirriego
npk_liquido_6_6_6,NPK líquido 6-6-6,N,6,,Comercialización común (fertirriego/foliar); fuente: Grado técnico/soluble - estándar industria fertirriego
npk_liquido_6_6_6,NPK líquido 6-6-6,P,2.6186,,Comercialización común (fertirriego/foliar); fuente: Grado técnico/soluble - estándar industria fertirriego
npk_liquido_6_6_6,NPK líquido 6-6-6,K,4.9809,,Comercialización común (fertirriego/foliar); fuente: Grado técnico/soluble - estándar industria fertirriego
npk_liquido_15_5_10,NPK líquido 15-5-10,N,15,,Comercialización común (fertirriego/foliar); fuente: Grado técnico/soluble - estándar industria fertirriego
npk_liquido_15_5_10,NPK líquido 15-5-10,P,2.1821,,Comercialización común (fertirriego/foliar); fuente: Grado técnico/soluble - estándar industria fertirriego
npk_liquido_15_5_10,NPK líquido 15-5-10,K,8.3015,,Comercialización común (fertirriego/foliar); fuente: Grado técnico/soluble - estándar industria fertirriego
npk_liquido_5_15_8,NPK líquido 5-15-8,N,5,,Comercialización común (fertirriego/foliar); fuente: Grado técnico/soluble - estándar industria fertirriego
npk_liquido_5_15_8,NPK líquido 5-15-8,P,6.5464,,Comercialización común (fertirriego/foliar); fuente: Grado técnico/soluble - estándar industria fertirriego
npk_liquido_5_15_8,NPK líquido 5-15-8,K,6.6412,,Comercialización común (fertirriego/foliar); fuente: Grado técnico/soluble - estándar industria fertirriego
npk_liquido_2_4_10,NPK líquido 2-4-10,N,2,,Comercialización común (fertirriego/foliar); fuente: Grado técnico/soluble - estándar industria fertirriego
npk_liquido_2_4_10,NPK líquido 2-4-10,P,1.7457,,Comercialización común (fertirriego/foliar); fuente: Grado técnico/soluble - estándar industria fertirriego
npk_liquido_2_4_10,NPK líquido 2-4-10,K,8.3015,,Comercialización común (fertirriego/foliar); fuente: Grado técnico/soluble - estándar industria fertirriego
npk_liquido_8_8_8_micros,NPK líquido 8-8-8+micros,N,8,,Comercialización común (fertirriego/foliar); fuente: Grado técnico/soluble - estándar industria fertirriego
npk_liquido_8_8_8_micros,NPK líquido 8-8-8+micros,P,3.4914,,Comercialización común (fertirriego/foliar); fuente: Grado técnico/soluble - estándar industria fertirriego
npk_liquido_8_8_8_micros,NPK líquido 8-8-8+micros,K,6.6412,,Comercialización común (fertirriego/foliar); fuente: Grado técnico/soluble - estándar industria fertirriego
npk_liquido_20_20_20_hidrosoluble,NPK líquido 20-20-20 hidrosoluble,N,20,,Comercialización común (fertirriego/foliar); fuente: Grado técnico/soluble - estándar industria fertirriego
npk_liquido_20_20_20_hidrosoluble,NPK líquido 20-20-20 hidrosoluble,P,8.7285,,Comercialización común (fertirriego/foliar); fuente: Grado técnico/soluble - estándar industria fertirriego
npk_liquido_20_20_20_hidrosoluble,NPK líquido 20-20-20 hidrosoluble,K,16.603,,Comercialización común (fertirriego/foliar); fuente: Grado técnico/soluble - estándar industria fertirriego
npk_liquido_0_10_10,NPK líquido 0-10-10,P,4.3643,,Comercialización común (fertirriego/foliar); fuente: Grado técnico/soluble - estándar industria fertirriego
npk_liquido_0_10_10,NPK líquido 0-10-10,K,8.3015,,Comercialización común (fertirriego/foliar); fuente: Grado técnico/soluble - estándar industria fertirriego
npk_liquido_12_0_6,NPK líquido 12-0-6,N,12,,Comercialización común (fertirriego/foliar); fuente: Grado técnico/soluble - estándar industria fertirriego
npk_liquido_12_0_6,NPK líquido 12-0-6,K,4.9809,,Comercialización común (fertirriego/foliar); fuente: Grado técnico/soluble - estándar industria fertirriego
npk_liquido_4_8_6_2mgo,NPK líquido 4-8-6-2MgO,N,4,,Comercialización común (fertirriego/foliar); fuente: Grado técnico/soluble - estándar industria fertirriego
npk_liquido_4_8_6_2mgo,NPK líquido 4-8-6-2MgO,P,3.4914,,Comercialización común (fertirriego/foliar); fuente: Grado técnico/soluble - estándar industria fertirriego
npk_liquido_4_8_6_2mgo,NPK líquido 4-8-6-2MgO,K,4.9809,,Comercialización común (fertirriego/foliar); fuente: Grado técnico/soluble - estándar industria fertirriego
nitrogeno_liquido_estabilizado_20_0_0,Nitrógeno líquido estabilizado 20-0-0,N,20,,Comercialización común (fertirriego/foliar); fuente: Grado técnico/soluble - estándar industria fertirriego
npk_liquido_starter_6_24_6,NPK líquido starter 6-24-6,N,6,,Comercialización común (fertirriego/foliar); fuente: Grado técnico/soluble - estándar industria fertirriego
npk_liquido_starter_6_24_6,NPK líquido starter 6-24-6,P,10.4742,,Comercialización común (fertirriego/foliar); fuente: Grado técnico/soluble - estándar industria fertirriego
npk_liquido_starter_6_24_6,NPK líquido starter 6-24-6,K,4.9809,,Comercialización común (fertirriego/foliar); fuente: Grado técnico/soluble - estándar industria fertirriego
npk_liquido_9_3_6,NPK líquido 9-3-6,N,9,,Comercialización común (fertirriego/foliar); fuente: Grado técnico/soluble - estándar industria fertirriego
npk_liquido_9_3_6,NPK líquido 9-3-6,P,1.3093,,Comercialización común (fertirriego/foliar); fuente: Grado técnico/soluble - estándar industria fertirriego
npk_liquido_9_3_6,NPK líquido 9-3-6,K,4.9809,,Comercialización común (fertirriego/foliar); fuente: Grado técnico/soluble - estándar industria fertirriego
npk_liquido_3_18_18,NPK líquido 3-18-18,N,3,,Comercialización común (fertirriego/foliar); fuente: Grado técnico/soluble - estándar industria fertirriego
npk_liquido_3_18_18,NPK líquido 3-18-18,P,7.8557,,Comercialización común (fertirriego/foliar); fuente: Grado técnico/soluble - estándar industria fertirriego
npk_liquido_3_18_18,NPK líquido 3-18-18,K,14.9427,,Comercialización común (fertirriego/foliar); fuente: Grado técnico/soluble - estándar industria fertirriego
npk_liquido_5_1_9,NPK líquido 5-1-9,N,5,,Comercialización común (fertirriego/foliar); fuente: Grado técnico/soluble - estándar industria fertirriego
npk_liquido_5_1_9,NPK líquido 5-1-9,P,0.4364,,Comercialización común (fertirriego/foliar); fuente: Grado técnico/soluble - estándar industria fertirriego
npk_liquido_5_1_9,NPK líquido 5-1-9,K,7.4714,,Comercialización común (fertirriego/foliar); fuente: Grado técnico/soluble - estándar industria fertirriego
npk_liquido_7_21_7,NPK líquido 7-21-7,N,7,,Comercialización común (fertirriego/foliar); fuente: Grado técnico/soluble - estándar industria fertirriego
npk_liquido_7_21_7,NPK líquido 7-21-7,P,9.165,,Comercialización común (fertirriego/foliar); fuente: Grado técnico/soluble - estándar industria fertirriego
npk_liquido_7_21_7,NPK líquido 7-21-7,K,5.8111,,Comercialización común (fertirriego/foliar); fuente: Grado técnico/soluble - estándar industria fertirriego
npk_liquido_1_3_6,NPK líquido 1-3-6,N,1,,Comercialización común (fertirriego/foliar); fuente: Grado técnico/soluble - estándar industria fertirriego
npk_liquido_1_3_6,NPK líquido 1-3-6,P,1.3093,,Comercialización común (fertirriego/foliar); fuente: Grado técnico/soluble - estándar industria fertirriego
npk_liquido_1_3_6,NPK líquido 1-3-6,K,4.9809,,Comercialización común (fertirriego/foliar); fuente: Grado técnico/soluble - estándar industria fertirriego
npk_liquido_14_7_7,NPK líquido 14-7-7,N,14,,Comercialización común (fertirriego/foliar); fuente: Grado técnico/soluble - estándar industria fertirriego
npk_liquido_14_7_7,NPK líquido 14-7-7,P,3.055,,Comercialización común (fertirriego/foliar); fuente: Grado técnico/soluble - estándar industria fertirriego
npk_liquido_14_7_7,NPK líquido 14-7-7,K,5.8111,,Comercialización común (fertirriego/foliar); fuente: Grado técnico/soluble - estándar industria fertirriego
npk_recubierto_liberacion_controlada_18_6_12_3_4_meses,NPK recubierto liberación controlada 18-6-12 (3-4 meses),N,18,,"Uso especializado (viveros, ornamentales, cultivos de alto valor); fuente: Común en distribuidores agroquímicos de Colombia (insumo genérico)"
npk_recubierto_liberacion_controlada_18_6_12_3_4_meses,NPK recubierto liberación controlada 18-6-12 (3-4 meses),P,2.6186,,"Uso especializado (viveros, ornamentales, cultivos de alto valor); fuente: Común en distribuidores agroquímicos de Colombia (insumo genérico)"
npk_recubierto_liberacion_controlada_18_6_12_3_4_meses,NPK recubierto liberación controlada 18-6-12 (3-4 meses),K,9.9618,,"Uso especializado (viveros, ornamentales, cultivos de alto valor); fuente: Común en distribuidores agroquímicos de Colombia (insumo genérico)"
npk_recubierto_liberacion_controlada_16_9_12_5_6_meses,NPK recubierto liberación controlada 16-9-12 (5-6 meses),N,16,,"Uso especializado (viveros, ornamentales, cultivos de alto valor); fuente: Común en distribuidores agroquímicos de Colombia (insumo genérico)"
npk_recubierto_liberacion_controlada_16_9_12_5_6_meses,NPK recubierto liberación controlada 16-9-12 (5-6 meses),P,3.9278,,"Uso especializado (viveros, ornamentales, cultivos de alto valor); fuente: Común en distribuidores agroquímicos de Colombia (insumo genérico)"
npk_recubierto_liberacion_controlada_16_9_12_5_6_meses,NPK recubierto liberación controlada 16-9-12 (5-6 meses),K,9.9618,,"Uso especializado (viveros, ornamentales, cultivos de alto valor); fuente: Común en distribuidores agroquímicos de Colombia (insumo genérico)"
npk_recubierto_liberacion_controlada_14_14_14_3_4_meses,NPK recubierto liberación controlada 14-14-14 (3-4 meses),N,14,,"Uso especializado (viveros, ornamentales, cultivos de alto valor); fuente: Común en distribuidores agroquímicos de Colombia (insumo genérico)"
npk_recubierto_liberacion_controlada_14_14_14_3_4_meses,NPK recubierto liberación controlada 14-14-14 (3-4 meses),P,6.11,,"Uso especializado (viveros, ornamentales, cultivos de alto valor); fuente: Común en distribuidores agroquímicos de Colombia (insumo genérico)"
npk_recubierto_liberacion_controlada_14_14_14_3_4_meses,NPK recubierto liberación controlada 14-14-14 (3-4 meses),K,11.6221,,"Uso especializado (viveros, ornamentales, cultivos de alto valor); fuente: Común en distribuidores agroquímicos de Colombia (insumo genérico)"
npk_recubierto_liberacion_controlada_20_7_10_8_9_meses,NPK recubierto liberación controlada 20-7-10 (8-9 meses),N,20,,"Uso especializado (viveros, ornamentales, cultivos de alto valor); fuente: Común en distribuidores agroquímicos de Colombia (insumo genérico)"
npk_recubierto_liberacion_controlada_20_7_10_8_9_meses,NPK recubierto liberación controlada 20-7-10 (8-9 meses),P,3.055,,"Uso especializado (viveros, ornamentales, cultivos de alto valor); fuente: Común en distribuidores agroquímicos de Colombia (insumo genérico)"
npk_recubierto_liberacion_controlada_20_7_10_8_9_meses,NPK recubierto liberación controlada 20-7-10 (8-9 meses),K,8.3015,,"Uso especializado (viveros, ornamentales, cultivos de alto valor); fuente: Común en distribuidores agroquímicos de Colombia (insumo genérico)"
npk_recubierto_liberacion_controlada_12_12_17_2mgo_5_6_meses,NPK recubierto liberación controlada 12-12-17-2MgO (5-6 meses),N,12,,"Uso especializado (viveros, ornamentales, cultivos de alto valor); fuente: Común en distribuidores agroquímicos de Colombia (insumo genérico)"
npk_recubierto_liberacion_controlada_12_12_17_2mgo_5_6_meses,NPK recubierto liberación controlada 12-12-17-2MgO (5-6 meses),P,5.2371,,"Uso especializado (viveros, ornamentales, cultivos de alto valor); fuente: Común en distribuidores agroquímicos de Colombia (insumo genérico)"
npk_recubierto_liberacion_controlada_12_12_17_2mgo_5_6_meses,NPK recubierto liberación controlada 12-12-17-2MgO (5-6 meses),K,14.1126,,"Uso especializado (viveros, ornamentales, cultivos de alto valor); fuente: Común en distribuidores agroquímicos de Colombia (insumo genérico)"
npk_recubierto_liberacion_controlada_15_9_12_micros_4_meses,NPK recubierto liberación controlada 15-9-12+micros (4 meses),N,15,,"Uso especializado (viveros, ornamentales, cultivos de alto valor); fuente: Común en distribuidores agroquímicos de Colombia (insumo genérico)"
npk_recubierto_liberacion_controlada_15_9_12_micros_4_meses,NPK recubierto liberación controlada 15-9-12+micros (4 meses),P,3.9278,,"Uso especializado (viveros, ornamentales, cultivos de alto valor); fuente: Común en distribuidores agroquímicos de Colombia (insumo genérico)"
npk_recubierto_liberacion_controlada_15_9_12_micros_4_meses,NPK recubierto liberación controlada 15-9-12+micros (4 meses),K,9.9618,,"Uso especializado (viveros, ornamentales, cultivos de alto valor); fuente: Común en distribuidores agroquímicos de Colombia (insumo genérico)"
npk_recubierto_liberacion_controlada_19_6_10_6_meses,NPK recubierto liberación controlada 19-6-10 (6 meses),N,19,,"Uso especializado (viveros, ornamentales, cultivos de alto valor); fuente: Común en distribuidores agroquímicos de Colombia (insumo genérico)"
npk_recubierto_liberacion_controlada_19_6_10_6_meses,NPK recubierto liberación controlada 19-6-10 (6 meses),P,2.6186,,"Uso especializado (viveros, ornamentales, cultivos de alto valor); fuente: Común en distribuidores agroquímicos de Colombia (insumo genérico)"
npk_recubierto_liberacion_controlada_19_6_10_6_meses,NPK recubierto liberación controlada 19-6-10 (6 meses),K,8.3015,,"Uso especializado (viveros, ornamentales, cultivos de alto valor); fuente: Común en distribuidores agroquímicos de Colombia (insumo genérico)"
npk_recubierto_liberacion_controlada_22_4_11_3_meses,NPK recubierto liberación controlada 22-4-11 (3 meses),N,22,,"Uso especializado (viveros, ornamentales, cultivos de alto valor); fuente: Común en distribuidores agroquímicos de Colombia (insumo genérico)"
npk_recubierto_liberacion_controlada_22_4_11_3_meses,NPK recubierto liberación controlada 22-4-11 (3 meses),P,1.7457,,"Uso especializado (viveros, ornamentales, cultivos de alto valor); fuente: Común en distribuidores agroquímicos de Colombia (insumo genérico)"
npk_recubierto_liberacion_controlada_22_4_11_3_meses,NPK recubierto liberación controlada 22-4-11 (3 meses),K,9.1317,,"Uso especializado (viveros, ornamentales, cultivos de alto valor); fuente: Común en distribuidores agroquímicos de Colombia (insumo genérico)"
npk_recubierto_liberacion_controlada_8_9_12_12_meses,NPK recubierto liberación controlada 8-9-12 (12 meses),N,8,,"Uso especializado (viveros, ornamentales, cultivos de alto valor); fuente: Común en distribuidores agroquímicos de Colombia (insumo genérico)"
npk_recubierto_liberacion_controlada_8_9_12_12_meses,NPK recubierto liberación controlada 8-9-12 (12 meses),P,3.9278,,"Uso especializado (viveros, ornamentales, cultivos de alto valor); fuente: Común en distribuidores agroquímicos de Colombia (insumo genérico)"
npk_recubierto_liberacion_controlada_8_9_12_12_meses,NPK recubierto liberación controlada 8-9-12 (12 meses),K,9.9618,,"Uso especializado (viveros, ornamentales, cultivos de alto valor); fuente: Común en distribuidores agroquímicos de Colombia (insumo genérico)"
urea_recubierta_con_polimero_liberacion_controlada,Urea recubierta con polímero (liberación controlada),N,43,,"Uso especializado (viveros, ornamentales, cultivos de alto valor); fuente: Común en distribuidores agroquímicos de Colombia (insumo genérico)"
npk_recubierto_con_azufre_scf_20_6_12_8s,NPK recubierto con azufre (SCF) 20-6-12-8S,N,20,,"Uso especializado (viveros, ornamentales, cultivos de alto valor); fuente: Común en distribuidores agroquímicos de Colombia (insumo genérico)"
npk_recubierto_con_azufre_scf_20_6_12_8s,NPK recubierto con azufre (SCF) 20-6-12-8S,P,2.6186,,"Uso especializado (viveros, ornamentales, cultivos de alto valor); fuente: Común en distribuidores agroquímicos de Colombia (insumo genérico)"
npk_recubierto_con_azufre_scf_20_6_12_8s,NPK recubierto con azufre (SCF) 20-6-12-8S,K,9.9618,,"Uso especializado (viveros, ornamentales, cultivos de alto valor); fuente: Común en distribuidores agroquímicos de Colombia (insumo genérico)"
npk_recubierto_con_azufre_scf_20_6_12_8s,NPK recubierto con azufre (SCF) 20-6-12-8S,S,8,,"Uso especializado (viveros, ornamentales, cultivos de alto valor); fuente: Común en distribuidores agroquímicos de Colombia (insumo genérico)"
npk_recubierto_con_azufre_scf_16_8_16_6s,NPK recubierto con azufre (SCF) 16-8-16-6S,N,16,,"Uso especializado (viveros, ornamentales, cultivos de alto valor); fuente: Común en distribuidores agroquímicos de Colombia (insumo genérico)"
npk_recubierto_con_azufre_scf_16_8_16_6s,NPK recubierto con azufre (SCF) 16-8-16-6S,P,3.4914,,"Uso especializado (viveros, ornamentales, cultivos de alto valor); fuente: Común en distribuidores agroquímicos de Colombia (insumo genérico)"
npk_recubierto_con_azufre_scf_16_8_16_6s,NPK recubierto con azufre (SCF) 16-8-16-6S,K,13.2824,,"Uso especializado (viveros, ornamentales, cultivos de alto valor); fuente: Común en distribuidores agroquímicos de Colombia (insumo genérico)"
npk_recubierto_con_azufre_scf_16_8_16_6s,NPK recubierto con azufre (SCF) 16-8-16-6S,S,6,,"Uso especializado (viveros, ornamentales, cultivos de alto valor); fuente: Común en distribuidores agroquímicos de Colombia (insumo genérico)"
npk_recubierto_con_azufre_scf_14_14_14_5s,NPK recubierto con azufre (SCF) 14-14-14-5S,N,14,,"Uso especializado (viveros, ornamentales, cultivos de alto valor); fuente: Común en distribuidores agroquímicos de Colombia (insumo genérico)"
npk_recubierto_con_azufre_scf_14_14_14_5s,NPK recubierto con azufre (SCF) 14-14-14-5S,P,6.11,,"Uso especializado (viveros, ornamentales, cultivos de alto valor); fuente: Común en distribuidores agroquímicos de Colombia (insumo genérico)"
npk_recubierto_con_azufre_scf_14_14_14_5s,NPK recubierto con azufre (SCF) 14-14-14-5S,K,11.6221,,"Uso especializado (viveros, ornamentales, cultivos de alto valor); fuente: Común en distribuidores agroquímicos de Colombia (insumo genérico)"
npk_recubierto_con_azufre_scf_14_14_14_5s,NPK recubierto con azufre (SCF) 14-14-14-5S,S,5,,"Uso especializado (viveros, ornamentales, cultivos de alto valor); fuente: Común en distribuidores agroquímicos de Colombia (insumo genérico)"
npk_con_inhibidor_de_ureasa_40_0_0,NPK con inhibidor de ureasa 40-0-0,N,40,,"Uso especializado (viveros, ornamentales, cultivos de alto valor); fuente: Común en distribuidores agroquímicos de Colombia (insumo genérico)"
npk_con_inhibidor_de_nitrificacion_25_5_10,NPK con inhibidor de nitrificación 25-5-10,N,25,,"Uso especializado (viveros, ornamentales, cultivos de alto valor); fuente: Común en distribuidores agroquímicos de Colombia (insumo genérico)"
npk_con_inhibidor_de_nitrificacion_25_5_10,NPK con inhibidor de nitrificación 25-5-10,P,2.1821,,"Uso especializado (viveros, ornamentales, cultivos de alto valor); fuente: Común en distribuidores agroquímicos de Colombia (insumo genérico)"
npk_con_inhibidor_de_nitrificacion_25_5_10,NPK con inhibidor de nitrificación 25-5-10,K,8.3015,,"Uso especializado (viveros, ornamentales, cultivos de alto valor); fuente: Común en distribuidores agroquímicos de Colombia (insumo genérico)"
organomineral_npk_8_4_4,Organomineral NPK 8-4-4,N,8,,Comercialización común (agricultura sostenible); fuente: Común en distribuidores agroquímicos de Colombia (insumo genérico)
organomineral_npk_8_4_4,Organomineral NPK 8-4-4,P,1.7457,,Comercialización común (agricultura sostenible); fuente: Común en distribuidores agroquímicos de Colombia (insumo genérico)
organomineral_npk_8_4_4,Organomineral NPK 8-4-4,K,3.3206,,Comercialización común (agricultura sostenible); fuente: Común en distribuidores agroquímicos de Colombia (insumo genérico)
organomineral_npk_5_3_3,Organomineral NPK 5-3-3,N,5,,Comercialización común (agricultura sostenible); fuente: Común en distribuidores agroquímicos de Colombia (insumo genérico)
organomineral_npk_5_3_3,Organomineral NPK 5-3-3,P,1.3093,,Comercialización común (agricultura sostenible); fuente: Común en distribuidores agroquímicos de Colombia (insumo genérico)
organomineral_npk_5_3_3,Organomineral NPK 5-3-3,K,2.4905,,Comercialización común (agricultura sostenible); fuente: Común en distribuidores agroquímicos de Colombia (insumo genérico)
organomineral_npk_4_4_4,Organomineral NPK 4-4-4,N,4,,Comercialización común (agricultura sostenible); fuente: Común en distribuidores agroquímicos de Colombia (insumo genérico)
organomineral_npk_4_4_4,Organomineral NPK 4-4-4,P,1.7457,,Comercialización común (agricultura sostenible); fuente: Común en distribuidores agroquímicos de Colombia (insumo genérico)
organomineral_npk_4_4_4,Organomineral NPK 4-4-4,K,3.3206,,Comercialización común (agricultura sostenible); fuente: Común en distribuidores agroquímicos de Colombia (insumo genérico)
organomineral_npk_6_2_4,Organomineral NPK 6-2-4,N,6,,Comercialización común (agricultura sostenible); fuente: Común en distribuidores agroquímicos de Colombia (insumo genérico)
organomineral_npk_6_2_4,Organomineral NPK 6-2-4,P,0.8729,,Comercialización común (agricultura sostenible); fuente: Común en distribuidores agroquímicos de Colombia (insumo genérico)
organomineral_npk_6_2_4,Organomineral NPK 6-2-4,K,3.3206,,Comercialización común (agricultura sostenible); fuente: Común en distribuidores agroquímicos de Colombia (insumo genérico)
organomineral_npk_3_6_6,Organomineral NPK 3-6-6,N,3,,Comercialización común (agricultura sostenible); fuente: Común en distribuidores agroquímicos de Colombia (insumo genérico)
organomineral_npk_3_6_6,Organomineral NPK 3-6-6,P,2.6186,,Comercialización común (agricultura sostenible); fuente: Común en distribuidores agroquímicos de Colombia (insumo genérico)
organomineral_npk_3_6_6,Organomineral NPK 3-6-6,K,4.9809,,Comercialización común (agricultura sostenible); fuente: Común en distribuidores agroquímicos de Colombia (insumo genérico)
organomineral_npk_10_4_6,Organomineral NPK 10-4-6,N,10,,Comercialización común (agricultura sostenible); fuente: Común en distribuidores agroquímicos de Colombia (insumo genérico)
organomineral_npk_10_4_6,Organomineral NPK 10-4-6,P,1.7457,,Comercialización común (agricultura sostenible); fuente: Común en distribuidores agroquímicos de Colombia (insumo genérico)
organomineral_npk_10_4_6,Organomineral NPK 10-4-6,K,4.9809,,Comercialización común (agricultura sostenible); fuente: Común en distribuidores agroquímicos de Colombia (insumo genérico)
organomineral_a_base_de_gallinaza_npk_3_3_2,Organomineral a base de gallinaza NPK 3-3-2,N,3,,Comercialización común (agricultura sostenible); fuente: Común en distribuidores agroquímicos de Colombia (insumo genérico)
organomineral_a_base_de_gallinaza_npk_3_3_2,Organomineral a base de gallinaza NPK 3-3-2,P,1.3093,,Comercialización común (agricultura sostenible); fuente: Común en distribuidores agroquímicos de Colombia (insumo genérico)
organomineral_a_base_de_gallinaza_npk_3_3_2,Organomineral a base de gallinaza NPK 3-3-2,K,1.6603,,Comercialización común (agricultura sostenible); fuente: Común en distribuidores agroquímicos de Colombia (insumo genérico)
organomineral_a_base_de_compost_npk_2_2_2,Organomineral a base de compost NPK 2-2-2,N,2,,Comercialización común (agricultura sostenible); fuente: Común en distribuidores agroquímicos de Colombia (insumo genérico)
organomineral_a_base_de_compost_npk_2_2_2,Organomineral a base de compost NPK 2-2-2,P,0.8729,,Comercialización común (agricultura sostenible); fuente: Común en distribuidores agroquímicos de Colombia (insumo genérico)
organomineral_a_base_de_compost_npk_2_2_2,Organomineral a base de compost NPK 2-2-2,K,1.6603,,Comercialización común (agricultura sostenible); fuente: Común en distribuidores agroquímicos de Colombia (insumo genérico)
organomineral_con_acidos_humicos_npk_6_6_6,Organomineral con ácidos húmicos NPK 6-6-6,N,6,,Comercialización común (agricultura sostenible); fuente: Común en distribuidores agroquímicos de Colombia (insumo genérico)
organomineral_con_acidos_humicos_npk_6_6_6,Organomineral con ácidos húmicos NPK 6-6-6,P,2.6186,,Comercialización común (agricultura sostenible); fuente: Común en distribuidores agroquímicos de Colombia (insumo genérico)
organomineral_con_acidos_humicos_npk_6_6_6,Organomineral con ácidos húmicos NPK 6-6-6,K,4.9809,,Comercialización común (agricultura sostenible); fuente: Común en distribuidores agroquímicos de Colombia (insumo genérico)
organomineral_pelletizado_npk_5_5_10,Organomineral pelletizado NPK 5-5-10,N,5,,Comercialización común (agricultura sostenible); fuente: Común en distribuidores agroquímicos de Colombia (insumo genérico)
organomineral_pelletizado_npk_5_5_10,Organomineral pelletizado NPK 5-5-10,P,2.1821,,Comercialización común (agricultura sostenible); fuente: Común en distribuidores agroquímicos de Colombia (insumo genérico)
organomineral_pelletizado_npk_5_5_10,Organomineral pelletizado NPK 5-5-10,K,8.3015,,Comercialización común (agricultura sostenible); fuente: Común en distribuidores agroquímicos de Colombia (insumo genérico)
bocashi_mineralizado_npk_2_3_2,Bocashi mineralizado NPK 2-3-2,N,2,,Comercialización común (agricultura sostenible); fuente: Común en distribuidores agroquímicos de Colombia (insumo genérico)
bocashi_mineralizado_npk_2_3_2,Bocashi mineralizado NPK 2-3-2,P,1.3093,,Comercialización común (agricultura sostenible); fuente: Común en distribuidores agroquímicos de Colombia (insumo genérico)
bocashi_mineralizado_npk_2_3_2,Bocashi mineralizado NPK 2-3-2,K,1.6603,,Comercialización común (agricultura sostenible); fuente: Común en distribuidores agroquímicos de Colombia (insumo genérico)
organomineral_a_base_de_vinaza_npk_0_0_5,Organomineral a base de vinaza NPK 0-0-5,K,4.1508,,Comercialización común (agricultura sostenible); fuente: Común en distribuidores agroquímicos de Colombia (insumo genérico)
npk_cafe_etapa_de_llenado_12_6_30_4s,NPK Café etapa de llenado 12-6-30-4S,N,12,,Comercialización común (formulación agroindustrial); fuente: Común en distribuidores agroquímicos de Colombia (insumo genérico)
npk_cafe_etapa_de_llenado_12_6_30_4s,NPK Café etapa de llenado 12-6-30-4S,P,2.6186,,Comercialización común (formulación agroindustrial); fuente: Común en distribuidores agroquímicos de Colombia (insumo genérico)
npk_cafe_etapa_de_llenado_12_6_30_4s,NPK Café etapa de llenado 12-6-30-4S,K,24.9045,,Comercialización común (formulación agroindustrial); fuente: Común en distribuidores agroquímicos de Colombia (insumo genérico)
npk_cafe_etapa_de_llenado_12_6_30_4s,NPK Café etapa de llenado 12-6-30-4S,S,4,,Comercialización común (formulación agroindustrial); fuente: Común en distribuidores agroquímicos de Colombia (insumo genérico)
npk_cafe_almacigo_15_30_15,NPK Café almácigo 15-30-15,N,15,,Comercialización común (formulación agroindustrial); fuente: Común en distribuidores agroquímicos de Colombia (insumo genérico)
npk_cafe_almacigo_15_30_15,NPK Café almácigo 15-30-15,P,13.0928,,Comercialización común (formulación agroindustrial); fuente: Común en distribuidores agroquímicos de Colombia (insumo genérico)
npk_cafe_almacigo_15_30_15,NPK Café almácigo 15-30-15,K,12.4523,,Comercialización común (formulación agroindustrial); fuente: Común en distribuidores agroquímicos de Colombia (insumo genérico)
npk_palma_vivero_15_15_15_micros,NPK Palma vivero 15-15-15+micros,N,15,,Comercialización común (formulación agroindustrial); fuente: Común en distribuidores agroquímicos de Colombia (insumo genérico)
npk_palma_vivero_15_15_15_micros,NPK Palma vivero 15-15-15+micros,P,6.5464,,Comercialización común (formulación agroindustrial); fuente: Común en distribuidores agroquímicos de Colombia (insumo genérico)
npk_palma_vivero_15_15_15_micros,NPK Palma vivero 15-15-15+micros,K,12.4523,,Comercialización común (formulación agroindustrial); fuente: Común en distribuidores agroquímicos de Colombia (insumo genérico)
npk_palma_produccion_13_4_30_4s_4mgo,NPK Palma producción 13-4-30-4S-4MgO,N,13,,Comercialización común (formulación agroindustrial); fuente: Común en distribuidores agroquímicos de Colombia (insumo genérico)
npk_palma_produccion_13_4_30_4s_4mgo,NPK Palma producción 13-4-30-4S-4MgO,P,1.7457,,Comercialización común (formulación agroindustrial); fuente: Común en distribuidores agroquímicos de Colombia (insumo genérico)
npk_palma_produccion_13_4_30_4s_4mgo,NPK Palma producción 13-4-30-4S-4MgO,K,24.9045,,Comercialización común (formulación agroindustrial); fuente: Común en distribuidores agroquímicos de Colombia (insumo genérico)
npk_palma_produccion_13_4_30_4s_4mgo,NPK Palma producción 13-4-30-4S-4MgO,S,4,,Comercialización común (formulación agroindustrial); fuente: Común en distribuidores agroquímicos de Colombia (insumo genérico)
npk_papa_etapa_de_tuberizacion_10_10_30,NPK Papa etapa de tuberización 10-10-30,N,10,,Comercialización común (formulación agroindustrial); fuente: Común en distribuidores agroquímicos de Colombia (insumo genérico)
npk_papa_etapa_de_tuberizacion_10_10_30,NPK Papa etapa de tuberización 10-10-30,P,4.3643,,Comercialización común (formulación agroindustrial); fuente: Común en distribuidores agroquímicos de Colombia (insumo genérico)
npk_papa_etapa_de_tuberizacion_10_10_30,NPK Papa etapa de tuberización 10-10-30,K,24.9045,,Comercialización común (formulación agroindustrial); fuente: Común en distribuidores agroquímicos de Colombia (insumo genérico)
npk_cana_de_azucar_resiembra_18_8_20,NPK Caña de azúcar resiembra 18-8-20,N,18,,Comercialización común (formulación agroindustrial); fuente: Común en distribuidores agroquímicos de Colombia (insumo genérico)
npk_cana_de_azucar_resiembra_18_8_20,NPK Caña de azúcar resiembra 18-8-20,P,3.4914,,Comercialización común (formulación agroindustrial); fuente: Común en distribuidores agroquímicos de Colombia (insumo genérico)
npk_cana_de_azucar_resiembra_18_8_20,NPK Caña de azúcar resiembra 18-8-20,K,16.603,,Comercialización común (formulación agroindustrial); fuente: Común en distribuidores agroquímicos de Colombia (insumo genérico)
npk_arroz_macollamiento_21_7_14,NPK Arroz macollamiento 21-7-14,N,21,,Comercialización común (formulación agroindustrial); fuente: Común en distribuidores agroquímicos de Colombia (insumo genérico)
npk_arroz_macollamiento_21_7_14,NPK Arroz macollamiento 21-7-14,P,3.055,,Comercialización común (formulación agroindustrial); fuente: Común en distribuidores agroquímicos de Colombia (insumo genérico)
npk_arroz_macollamiento_21_7_14,NPK Arroz macollamiento 21-7-14,K,11.6221,,Comercialización común (formulación agroindustrial); fuente: Común en distribuidores agroquímicos de Colombia (insumo genérico)
npk_maiz_llenado_de_grano_14_4_25,NPK Maíz llenado de grano 14-4-25,N,14,,Comercialización común (formulación agroindustrial); fuente: Común en distribuidores agroquímicos de Colombia (insumo genérico)
npk_maiz_llenado_de_grano_14_4_25,NPK Maíz llenado de grano 14-4-25,P,1.7457,,Comercialización común (formulación agroindustrial); fuente: Común en distribuidores agroquímicos de Colombia (insumo genérico)
npk_maiz_llenado_de_grano_14_4_25,NPK Maíz llenado de grano 14-4-25,K,20.7538,,Comercialización común (formulación agroindustrial); fuente: Común en distribuidores agroquímicos de Colombia (insumo genérico)
npk_banano_ciclo_de_produccion_16_4_24_3mgo,NPK Banano ciclo de producción 16-4-24-3MgO,N,16,,Comercialización común (formulación agroindustrial); fuente: Común en distribuidores agroquímicos de Colombia (insumo genérico)
npk_banano_ciclo_de_produccion_16_4_24_3mgo,NPK Banano ciclo de producción 16-4-24-3MgO,P,1.7457,,Comercialización común (formulación agroindustrial); fuente: Común en distribuidores agroquímicos de Colombia (insumo genérico)
npk_banano_ciclo_de_produccion_16_4_24_3mgo,NPK Banano ciclo de producción 16-4-24-3MgO,K,19.9236,,Comercialización común (formulación agroindustrial); fuente: Común en distribuidores agroquímicos de Colombia (insumo genérico)
npk_aguacate_hass_floracion_12_12_24_3mgo,NPK Aguacate Hass floración 12-12-24-3MgO,N,12,,Comercialización común (formulación agroindustrial); fuente: Común en distribuidores agroquímicos de Colombia (insumo genérico)
npk_aguacate_hass_floracion_12_12_24_3mgo,NPK Aguacate Hass floración 12-12-24-3MgO,P,5.2371,,Comercialización común (formulación agroindustrial); fuente: Común en distribuidores agroquímicos de Colombia (insumo genérico)
npk_aguacate_hass_floracion_12_12_24_3mgo,NPK Aguacate Hass floración 12-12-24-3MgO,K,19.9236,,Comercialización común (formulación agroindustrial); fuente: Común en distribuidores agroquímicos de Colombia (insumo genérico)
npk_citricos_amarre_de_fruto_10_10_30,NPK Cítricos amarre de fruto 10-10-30,N,10,,Comercialización común (formulación agroindustrial); fuente: Común en distribuidores agroquímicos de Colombia (insumo genérico)
npk_citricos_amarre_de_fruto_10_10_30,NPK Cítricos amarre de fruto 10-10-30,P,4.3643,,Comercialización común (formulación agroindustrial); fuente: Común en distribuidores agroquímicos de Colombia (insumo genérico)
npk_citricos_amarre_de_fruto_10_10_30,NPK Cítricos amarre de fruto 10-10-30,K,24.9045,,Comercialización común (formulación agroindustrial); fuente: Común en distribuidores agroquímicos de Colombia (insumo genérico)
npk_flores_de_corte_enraizamiento_10_40_10,NPK Flores de corte enraizamiento 10-40-10,N,10,,Comercialización común (formulación agroindustrial); fuente: Común en distribuidores agroquímicos de Colombia (insumo genérico)
npk_flores_de_corte_enraizamiento_10_40_10,NPK Flores de corte enraizamiento 10-40-10,P,17.4571,,Comercialización común (formulación agroindustrial); fuente: Común en distribuidores agroquímicos de Colombia (insumo genérico)
npk_flores_de_corte_enraizamiento_10_40_10,NPK Flores de corte enraizamiento 10-40-10,K,8.3015,,Comercialización común (formulación agroindustrial); fuente: Común en distribuidores agroquímicos de Colombia (insumo genérico)
npk_hortalizas_de_hoja_20_5_10,NPK Hortalizas de hoja 20-5-10,N,20,,Comercialización común (formulación agroindustrial); fuente: Común en distribuidores agroquímicos de Colombia (insumo genérico)
npk_hortalizas_de_hoja_20_5_10,NPK Hortalizas de hoja 20-5-10,P,2.1821,,Comercialización común (formulación agroindustrial); fuente: Común en distribuidores agroquímicos de Colombia (insumo genérico)
npk_hortalizas_de_hoja_20_5_10,NPK Hortalizas de hoja 20-5-10,K,8.3015,,Comercialización común (formulación agroindustrial); fuente: Común en distribuidores agroquímicos de Colombia (insumo genérico)
npk_hortalizas_de_fruto_8_16_24,NPK Hortalizas de fruto 8-16-24,N,8,,Comercialización común (formulación agroindustrial); fuente: Común en distribuidores agroquímicos de Colombia (insumo genérico)
npk_hortalizas_de_fruto_8_16_24,NPK Hortalizas de fruto 8-16-24,P,6.9828,,Comercialización común (formulación agroindustrial); fuente: Común en distribuidores agroquímicos de Colombia (insumo genérico)
npk_hortalizas_de_fruto_8_16_24,NPK Hortalizas de fruto 8-16-24,K,19.9236,,Comercialización común (formulación agroindustrial); fuente: Común en distribuidores agroquímicos de Colombia (insumo genérico)
npk_cacao_almacigo_12_24_12,NPK Cacao almácigo 12-24-12,N,12,,Comercialización común (formulación agroindustrial); fuente: Común en distribuidores agroquímicos de Colombia (insumo genérico)
npk_cacao_almacigo_12_24_12,NPK Cacao almácigo 12-24-12,P,10.4742,,Comercialización común (formulación agroindustrial); fuente: Común en distribuidores agroquímicos de Colombia (insumo genérico)
npk_cacao_almacigo_12_24_12,NPK Cacao almácigo 12-24-12,K,9.9618,,Comercialización común (formulación agroindustrial); fuente: Común en distribuidores agroquímicos de Colombia (insumo genérico)
npk_cacao_produccion_18_6_18_3mgo,NPK Cacao producción 18-6-18-3MgO,N,18,,Comercialización común (formulación agroindustrial); fuente: Común en distribuidores agroquímicos de Colombia (insumo genérico)
npk_cacao_produccion_18_6_18_3mgo,NPK Cacao producción 18-6-18-3MgO,P,2.6186,,Comercialización común (formulación agroindustrial); fuente: Común en distribuidores agroquímicos de Colombia (insumo genérico)
npk_cacao_produccion_18_6_18_3mgo,NPK Cacao producción 18-6-18-3MgO,K,14.9427,,Comercialización común (formulación agroindustrial); fuente: Común en distribuidores agroquímicos de Colombia (insumo genérico)
npk_frutales_de_clima_frio_12_12_17_2mgo,NPK Frutales de clima frío 12-12-17-2MgO,N,12,,Comercialización común (formulación agroindustrial); fuente: Común en distribuidores agroquímicos de Colombia (insumo genérico)
npk_frutales_de_clima_frio_12_12_17_2mgo,NPK Frutales de clima frío 12-12-17-2MgO,P,5.2371,,Comercialización común (formulación agroindustrial); fuente: Común en distribuidores agroquímicos de Colombia (insumo genérico)
npk_frutales_de_clima_frio_12_12_17_2mgo,NPK Frutales de clima frío 12-12-17-2MgO,K,14.1126,,Comercialización común (formulación agroindustrial); fuente: Común en distribuidores agroquímicos de Colombia (insumo genérico)
npk_uchuva_15_10_20,NPK Uchuva 15-10-20,N,15,,Comercialización común (formulación agroindustrial); fuente: Común en distribuidores agroquímicos de Colombia (insumo genérico)
npk_uchuva_15_10_20,NPK Uchuva 15-10-20,P,4.3643,,Comercialización común (formulación agroindustrial); fuente: Común en distribuidores agroquímicos de Colombia (insumo genérico)
npk_uchuva_15_10_20,NPK Uchuva 15-10-20,K,16.603,,Comercialización común (formulación agroindustrial); fuente: Común en distribuidores agroquímicos de Colombia (insumo genérico)
npk_mora_de_castilla_14_8_22,NPK Mora de Castilla 14-8-22,N,14,,Comercialización común (formulación agroindustrial); fuente: Común en distribuidores agroquímicos de Colombia (insumo genérico)
npk_mora_de_castilla_14_8_22,NPK Mora de Castilla 14-8-22,P,3.4914,,Comercialización común (formulación agroindustrial); fuente: Común en distribuidores agroquímicos de Colombia (insumo genérico)
npk_mora_de_castilla_14_8_22,NPK Mora de Castilla 14-8-22,K,18.2633,,Comercialización común (formulación agroindustrial); fuente: Común en distribuidores agroquímicos de Colombia (insumo genérico)
npk_lulo_16_8_20,NPK Lulo 16-8-20,N,16,,Comercialización común (formulación agroindustrial); fuente: Común en distribuidores agroquímicos de Colombia (insumo genérico)
npk_lulo_16_8_20,NPK Lulo 16-8-20,P,3.4914,,Comercialización común (formulación agroindustrial); fuente: Común en distribuidores agroquímicos de Colombia (insumo genérico)
npk_lulo_16_8_20,NPK Lulo 16-8-20,K,16.603,,Comercialización común (formulación agroindustrial); fuente: Común en distribuidores agroquímicos de Colombia (insumo genérico)
npk_papa_criolla_12_24_12,NPK Papa criolla 12-24-12,N,12,,Comercialización común (formulación agroindustrial); fuente: Común en distribuidores agroquímicos de Colombia (insumo genérico)
npk_papa_criolla_12_24_12,NPK Papa criolla 12-24-12,P,10.4742,,Comercialización común (formulación agroindustrial); fuente: Común en distribuidores agroquímicos de Colombia (insumo genérico)
npk_papa_criolla_12_24_12,NPK Papa criolla 12-24-12,K,9.9618,,Comercialización común (formulación agroindustrial); fuente: Común en distribuidores agroquímicos de Colombia (insumo genérico)
npk_habichuela_arveja_10_20_20,NPK Habichuela/arveja 10-20-20,N,10,,Comercialización común (formulación agroindustrial); fuente: Común en distribuidores agroquímicos de Colombia (insumo genérico)
npk_habichuela_arveja_10_20_20,NPK Habichuela/arveja 10-20-20,P,8.7285,,Comercialización común (formulación agroindustrial); fuente: Común en distribuidores agroquímicos de Colombia (insumo genérico)
npk_habichuela_arveja_10_20_20,NPK Habichuela/arveja 10-20-20,K,16.603,,Comercialización común (formulación agroindustrial); fuente: Común en distribuidores agroquímicos de Colombia (insumo genérico)
npk_zanahoria_remolacha_12_16_20,NPK Zanahoria/remolacha 12-16-20,N,12,,Comercialización común (formulación agroindustrial); fuente: Común en distribuidores agroquímicos de Colombia (insumo genérico)
npk_zanahoria_remolacha_12_16_20,NPK Zanahoria/remolacha 12-16-20,P,6.9828,,Comercialización común (formulación agroindustrial); fuente: Común en distribuidores agroquímicos de Colombia (insumo genérico)
npk_zanahoria_remolacha_12_16_20,NPK Zanahoria/remolacha 12-16-20,K,16.603,,Comercialización común (formulación agroindustrial); fuente: Común en distribuidores agroquímicos de Colombia (insumo genérico)
npk_cebolla_15_15_15,NPK Cebolla 15-15-15,N,15,,Comercialización común (formulación agroindustrial); fuente: Común en distribuidores agroquímicos de Colombia (insumo genérico)
npk_cebolla_15_15_15,NPK Cebolla 15-15-15,P,6.5464,,Comercialización común (formulación agroindustrial); fuente: Común en distribuidores agroquímicos de Colombia (insumo genérico)
npk_cebolla_15_15_15,NPK Cebolla 15-15-15,K,12.4523,,Comercialización común (formulación agroindustrial); fuente: Común en distribuidores agroquímicos de Colombia (insumo genérico)
npk_ajo_12_24_12,NPK Ajo 12-24-12,N,12,,Comercialización común (formulación agroindustrial); fuente: Común en distribuidores agroquímicos de Colombia (insumo genérico)
npk_ajo_12_24_12,NPK Ajo 12-24-12,P,10.4742,,Comercialización común (formulación agroindustrial); fuente: Común en distribuidores agroquímicos de Colombia (insumo genérico)
npk_ajo_12_24_12,NPK Ajo 12-24-12,K,9.9618,,Comercialización común (formulación agroindustrial); fuente: Común en distribuidores agroquímicos de Colombia (insumo genérico)
npk_esparrago_10_10_20,NPK Espárrago 10-10-20,N,10,,Comercialización común (formulación agroindustrial); fuente: Común en distribuidores agroquímicos de Colombia (insumo genérico)
npk_esparrago_10_10_20,NPK Espárrago 10-10-20,P,4.3643,,Comercialización común (formulación agroindustrial); fuente: Común en distribuidores agroquímicos de Colombia (insumo genérico)
npk_esparrago_10_10_20,NPK Espárrago 10-10-20,K,16.603,,Comercialización común (formulación agroindustrial); fuente: Común en distribuidores agroquímicos de Colombia (insumo genérico)
npk_melon_sandia_8_16_24,NPK Melón/sandía 8-16-24,N,8,,Comercialización común (formulación agroindustrial); fuente: Común en distribuidores agroquímicos de Colombia (insumo genérico)
npk_melon_sandia_8_16_24,NPK Melón/sandía 8-16-24,P,6.9828,,Comercialización común (formulación agroindustrial); fuente: Común en distribuidores agroquímicos de Colombia (insumo genérico)
npk_melon_sandia_8_16_24,NPK Melón/sandía 8-16-24,K,19.9236,,Comercialización común (formulación agroindustrial); fuente: Común en distribuidores agroquímicos de Colombia (insumo genérico)
npk_pepino_12_12_24,NPK Pepino 12-12-24,N,12,,Comercialización común (formulación agroindustrial); fuente: Común en distribuidores agroquímicos de Colombia (insumo genérico)
npk_pepino_12_12_24,NPK Pepino 12-12-24,P,5.2371,,Comercialización común (formulación agroindustrial); fuente: Común en distribuidores agroquímicos de Colombia (insumo genérico)
npk_pepino_12_12_24,NPK Pepino 12-12-24,K,19.9236,,Comercialización común (formulación agroindustrial); fuente: Común en distribuidores agroquímicos de Colombia (insumo genérico)
npk_pimenton_aji_14_10_24,NPK Pimentón/ají 14-10-24,N,14,,Comercialización común (formulación agroindustrial); fuente: Común en distribuidores agroquímicos de Colombia (insumo genérico)
npk_pimenton_aji_14_10_24,NPK Pimentón/ají 14-10-24,P,4.3643,,Comercialización común (formulación agroindustrial); fuente: Común en distribuidores agroquímicos de Colombia (insumo genérico)
npk_pimenton_aji_14_10_24,NPK Pimentón/ají 14-10-24,K,19.9236,,Comercialización común (formulación agroindustrial); fuente: Común en distribuidores agroquímicos de Colombia (insumo genérico)
npk_berenjena_13_13_21,NPK Berenjena 13-13-21,N,13,,Comercialización común (formulación agroindustrial); fuente: Común en distribuidores agroquímicos de Colombia (insumo genérico)
npk_berenjena_13_13_21,NPK Berenjena 13-13-21,P,5.6735,,Comercialización común (formulación agroindustrial); fuente: Común en distribuidores agroquímicos de Colombia (insumo genérico)
npk_berenjena_13_13_21,NPK Berenjena 13-13-21,K,17.4332,,Comercialización común (formulación agroindustrial); fuente: Común en distribuidores agroquímicos de Colombia (insumo genérico)
npk_edafico_6_16_20_3s_grado_agricola,NPK edáfico 6-16-20-3S grado agrícola,N,6,,Comercialización regional (catálogo genérico de mezcladoras); fuente: Formulación estándar de la industria; no verificada en el registro ICA
npk_edafico_6_16_20_3s_grado_agricola,NPK edáfico 6-16-20-3S grado agrícola,P,6.9828,,Comercialización regional (catálogo genérico de mezcladoras); fuente: Formulación estándar de la industria; no verificada en el registro ICA
npk_edafico_6_16_20_3s_grado_agricola,NPK edáfico 6-16-20-3S grado agrícola,K,16.603,,Comercialización regional (catálogo genérico de mezcladoras); fuente: Formulación estándar de la industria; no verificada en el registro ICA
npk_edafico_6_16_20_3s_grado_agricola,NPK edáfico 6-16-20-3S grado agrícola,S,3,,Comercialización regional (catálogo genérico de mezcladoras); fuente: Formulación estándar de la industria; no verificada en el registro ICA
npk_edafico_18_0_24_grado_agricola,NPK edáfico 18-0-24 grado agrícola,N,18,,Comercialización regional (catálogo genérico de mezcladoras); fuente: Formulación estándar de la industria; no verificada en el registro ICA
npk_edafico_18_0_24_grado_agricola,NPK edáfico 18-0-24 grado agrícola,K,19.9236,,Comercialización regional (catálogo genérico de mezcladoras); fuente: Formulación estándar de la industria; no verificada en el registro ICA
npk_edafico_4_24_20_grado_agricola,NPK edáfico 4-24-20 grado agrícola,N,4,,Comercialización regional (catálogo genérico de mezcladoras); fuente: Formulación estándar de la industria; no verificada en el registro ICA
npk_edafico_4_24_20_grado_agricola,NPK edáfico 4-24-20 grado agrícola,P,10.4742,,Comercialización regional (catálogo genérico de mezcladoras); fuente: Formulación estándar de la industria; no verificada en el registro ICA
npk_edafico_4_24_20_grado_agricola,NPK edáfico 4-24-20 grado agrícola,K,16.603,,Comercialización regional (catálogo genérico de mezcladoras); fuente: Formulación estándar de la industria; no verificada en el registro ICA
npk_edafico_8_8_26_grado_agricola,NPK edáfico 8-8-26 grado agrícola,N,8,,Comercialización regional (catálogo genérico de mezcladoras); fuente: Formulación estándar de la industria; no verificada en el registro ICA
npk_edafico_8_8_26_grado_agricola,NPK edáfico 8-8-26 grado agrícola,P,3.4914,,Comercialización regional (catálogo genérico de mezcladoras); fuente: Formulación estándar de la industria; no verificada en el registro ICA
npk_edafico_8_8_26_grado_agricola,NPK edáfico 8-8-26 grado agrícola,K,21.5839,,Comercialización regional (catálogo genérico de mezcladoras); fuente: Formulación estándar de la industria; no verificada en el registro ICA
npk_edafico_10_8_12_3s_grado_agricola,NPK edáfico 10-8-12-3S grado agrícola,N,10,,Comercialización regional (catálogo genérico de mezcladoras); fuente: Formulación estándar de la industria; no verificada en el registro ICA
npk_edafico_10_8_12_3s_grado_agricola,NPK edáfico 10-8-12-3S grado agrícola,P,3.4914,,Comercialización regional (catálogo genérico de mezcladoras); fuente: Formulación estándar de la industria; no verificada en el registro ICA
npk_edafico_10_8_12_3s_grado_agricola,NPK edáfico 10-8-12-3S grado agrícola,K,9.9618,,Comercialización regional (catálogo genérico de mezcladoras); fuente: Formulación estándar de la industria; no verificada en el registro ICA
npk_edafico_10_8_12_3s_grado_agricola,NPK edáfico 10-8-12-3S grado agrícola,S,3,,Comercialización regional (catálogo genérico de mezcladoras); fuente: Formulación estándar de la industria; no verificada en el registro ICA
npk_edafico_10_10_28_3s_grado_agricola,NPK edáfico 10-10-28-3S grado agrícola,N,10,,Comercialización regional (catálogo genérico de mezcladoras); fuente: Formulación estándar de la industria; no verificada en el registro ICA
npk_edafico_10_10_28_3s_grado_agricola,NPK edáfico 10-10-28-3S grado agrícola,P,4.3643,,Comercialización regional (catálogo genérico de mezcladoras); fuente: Formulación estándar de la industria; no verificada en el registro ICA
npk_edafico_10_10_28_3s_grado_agricola,NPK edáfico 10-10-28-3S grado agrícola,K,23.2442,,Comercialización regional (catálogo genérico de mezcladoras); fuente: Formulación estándar de la industria; no verificada en el registro ICA
npk_edafico_10_10_28_3s_grado_agricola,NPK edáfico 10-10-28-3S grado agrícola,S,3,,Comercialización regional (catálogo genérico de mezcladoras); fuente: Formulación estándar de la industria; no verificada en el registro ICA
npk_edafico_26_6_6_grado_agricola,NPK edáfico 26-6-6 grado agrícola,N,26,,Comercialización regional (catálogo genérico de mezcladoras); fuente: Formulación estándar de la industria; no verificada en el registro ICA
npk_edafico_26_6_6_grado_agricola,NPK edáfico 26-6-6 grado agrícola,P,2.6186,,Comercialización regional (catálogo genérico de mezcladoras); fuente: Formulación estándar de la industria; no verificada en el registro ICA
npk_edafico_26_6_6_grado_agricola,NPK edáfico 26-6-6 grado agrícola,K,4.9809,,Comercialización regional (catálogo genérico de mezcladoras); fuente: Formulación estándar de la industria; no verificada en el registro ICA
npk_edafico_22_14_4_grado_agricola,NPK edáfico 22-14-4 grado agrícola,N,22,,Comercialización regional (catálogo genérico de mezcladoras); fuente: Formulación estándar de la industria; no verificada en el registro ICA
npk_edafico_22_14_4_grado_agricola,NPK edáfico 22-14-4 grado agrícola,P,6.11,,Comercialización regional (catálogo genérico de mezcladoras); fuente: Formulación estándar de la industria; no verificada en el registro ICA
npk_edafico_22_14_4_grado_agricola,NPK edáfico 22-14-4 grado agrícola,K,3.3206,,Comercialización regional (catálogo genérico de mezcladoras); fuente: Formulación estándar de la industria; no verificada en el registro ICA
npk_edafico_2_6_18_grado_agricola,NPK edáfico 2-6-18 grado agrícola,N,2,,Comercialización regional (catálogo genérico de mezcladoras); fuente: Formulación estándar de la industria; no verificada en el registro ICA
npk_edafico_2_6_18_grado_agricola,NPK edáfico 2-6-18 grado agrícola,P,2.6186,,Comercialización regional (catálogo genérico de mezcladoras); fuente: Formulación estándar de la industria; no verificada en el registro ICA
npk_edafico_2_6_18_grado_agricola,NPK edáfico 2-6-18 grado agrícola,K,14.9427,,Comercialización regional (catálogo genérico de mezcladoras); fuente: Formulación estándar de la industria; no verificada en el registro ICA
npk_edafico_14_20_2_3s_grado_agricola,NPK edáfico 14-20-2-3S grado agrícola,N,14,,Comercialización regional (catálogo genérico de mezcladoras); fuente: Formulación estándar de la industria; no verificada en el registro ICA
npk_edafico_14_20_2_3s_grado_agricola,NPK edáfico 14-20-2-3S grado agrícola,P,8.7285,,Comercialización regional (catálogo genérico de mezcladoras); fuente: Formulación estándar de la industria; no verificada en el registro ICA
npk_edafico_14_20_2_3s_grado_agricola,NPK edáfico 14-20-2-3S grado agrícola,K,1.6603,,Comercialización regional (catálogo genérico de mezcladoras); fuente: Formulación estándar de la industria; no verificada en el registro ICA
npk_edafico_14_20_2_3s_grado_agricola,NPK edáfico 14-20-2-3S grado agrícola,S,3,,Comercialización regional (catálogo genérico de mezcladoras); fuente: Formulación estándar de la industria; no verificada en el registro ICA
npk_edafico_14_26_2_grado_agricola,NPK edáfico 14-26-2 grado agrícola,N,14,,Comercialización regional (catálogo genérico de mezcladoras); fuente: Formulación estándar de la industria; no verificada en el registro ICA
npk_edafico_14_26_2_grado_agricola,NPK edáfico 14-26-2 grado agrícola,P,11.3471,,Comercialización regional (catálogo genérico de mezcladoras); fuente: Formulación estándar de la industria; no verificada en el registro ICA
npk_edafico_14_26_2_grado_agricola,NPK edáfico 14-26-2 grado agrícola,K,1.6603,,Comercialización regional (catálogo genérico de mezcladoras); fuente: Formulación estándar de la industria; no verificada en el registro ICA
npk_edafico_14_10_22_grado_agricola,NPK edáfico 14-10-22 grado agrícola,N,14,,Comercialización regional (catálogo genérico de mezcladoras); fuente: Formulación estándar de la industria; no verificada en el registro ICA
npk_edafico_14_10_22_grado_agricola,NPK edáfico 14-10-22 grado agrícola,P,4.3643,,Comercialización regional (catálogo genérico de mezcladoras); fuente: Formulación estándar de la industria; no verificada en el registro ICA
npk_edafico_14_10_22_grado_agricola,NPK edáfico 14-10-22 grado agrícola,K,18.2633,,Comercialización regional (catálogo genérico de mezcladoras); fuente: Formulación estándar de la industria; no verificada en el registro ICA
npk_edafico_22_8_24_grado_agricola,NPK edáfico 22-8-24 grado agrícola,N,22,,Comercialización regional (catálogo genérico de mezcladoras); fuente: Formulación estándar de la industria; no verificada en el registro ICA
npk_edafico_22_8_24_grado_agricola,NPK edáfico 22-8-24 grado agrícola,P,3.4914,,Comercialización regional (catálogo genérico de mezcladoras); fuente: Formulación estándar de la industria; no verificada en el registro ICA
npk_edafico_22_8_24_grado_agricola,NPK edáfico 22-8-24 grado agrícola,K,19.9236,,Comercialización regional (catálogo genérico de mezcladoras); fuente: Formulación estándar de la industria; no verificada en el registro ICA
npk_edafico_30_8_8_grado_agricola,NPK edáfico 30-8-8 grado agrícola,N,30,,Comercialización regional (catálogo genérico de mezcladoras); fuente: Formulación estándar de la industria; no verificada en el registro ICA
npk_edafico_30_8_8_grado_agricola,NPK edáfico 30-8-8 grado agrícola,P,3.4914,,Comercialización regional (catálogo genérico de mezcladoras); fuente: Formulación estándar de la industria; no verificada en el registro ICA
npk_edafico_30_8_8_grado_agricola,NPK edáfico 30-8-8 grado agrícola,K,6.6412,,Comercialización regional (catálogo genérico de mezcladoras); fuente: Formulación estándar de la industria; no verificada en el registro ICA
npk_edafico_28_0_6_grado_agricola,NPK edáfico 28-0-6 grado agrícola,N,28,,Comercialización regional (catálogo genérico de mezcladoras); fuente: Formulación estándar de la industria; no verificada en el registro ICA
npk_edafico_28_0_6_grado_agricola,NPK edáfico 28-0-6 grado agrícola,K,4.9809,,Comercialización regional (catálogo genérico de mezcladoras); fuente: Formulación estándar de la industria; no verificada en el registro ICA
npk_edafico_10_22_10_3s_grado_agricola,NPK edáfico 10-22-10-3S grado agrícola,N,10,,Comercialización regional (catálogo genérico de mezcladoras); fuente: Formulación estándar de la industria; no verificada en el registro ICA
npk_edafico_10_22_10_3s_grado_agricola,NPK edáfico 10-22-10-3S grado agrícola,P,9.6014,,Comercialización regional (catálogo genérico de mezcladoras); fuente: Formulación estándar de la industria; no verificada en el registro ICA
npk_edafico_10_22_10_3s_grado_agricola,NPK edáfico 10-22-10-3S grado agrícola,K,8.3015,,Comercialización regional (catálogo genérico de mezcladoras); fuente: Formulación estándar de la industria; no verificada en el registro ICA
npk_edafico_10_22_10_3s_grado_agricola,NPK edáfico 10-22-10-3S grado agrícola,S,3,,Comercialización regional (catálogo genérico de mezcladoras); fuente: Formulación estándar de la industria; no verificada en el registro ICA
npk_edafico_10_10_12_grado_agricola,NPK edáfico 10-10-12 grado agrícola,N,10,,Comercialización regional (catálogo genérico de mezcladoras); fuente: Formulación estándar de la industria; no verificada en el registro ICA
npk_edafico_10_10_12_grado_agricola,NPK edáfico 10-10-12 grado agrícola,P,4.3643,,Comercialización regional (catálogo genérico de mezcladoras); fuente: Formulación estándar de la industria; no verificada en el registro ICA
npk_edafico_10_10_12_grado_agricola,NPK edáfico 10-10-12 grado agrícola,K,9.9618,,Comercialización regional (catálogo genérico de mezcladoras); fuente: Formulación estándar de la industria; no verificada en el registro ICA
npk_edafico_20_24_6_grado_agricola,NPK edáfico 20-24-6 grado agrícola,N,20,,Comercialización regional (catálogo genérico de mezcladoras); fuente: Formulación estándar de la industria; no verificada en el registro ICA
npk_edafico_20_24_6_grado_agricola,NPK edáfico 20-24-6 grado agrícola,P,10.4742,,Comercialización regional (catálogo genérico de mezcladoras); fuente: Formulación estándar de la industria; no verificada en el registro ICA
npk_edafico_20_24_6_grado_agricola,NPK edáfico 20-24-6 grado agrícola,K,4.9809,,Comercialización regional (catálogo genérico de mezcladoras); fuente: Formulación estándar de la industria; no verificada en el registro ICA
npk_edafico_2_12_30_grado_agricola,NPK edáfico 2-12-30 grado agrícola,N,2,,Comercialización regional (catálogo genérico de mezcladoras); fuente: Formulación estándar de la industria; no verificada en el registro ICA
npk_edafico_2_12_30_grado_agricola,NPK edáfico 2-12-30 grado agrícola,P,5.2371,,Comercialización regional (catálogo genérico de mezcladoras); fuente: Formulación estándar de la industria; no verificada en el registro ICA
npk_edafico_2_12_30_grado_agricola,NPK edáfico 2-12-30 grado agrícola,K,24.9045,,Comercialización regional (catálogo genérico de mezcladoras); fuente: Formulación estándar de la industria; no verificada en el registro ICA
npk_edafico_14_18_2_grado_agricola,NPK edáfico 14-18-2 grado agrícola,N,14,,Comercialización regional (catálogo genérico de mezcladoras); fuente: Formulación estándar de la industria; no verificada en el registro ICA
npk_edafico_14_18_2_grado_agricola,NPK edáfico 14-18-2 grado agrícola,P,7.8557,,Comercialización regional (catálogo genérico de mezcladoras); fuente: Formulación estándar de la industria; no verificada en el registro ICA
npk_edafico_14_18_2_grado_agricola,NPK edáfico 14-18-2 grado agrícola,K,1.6603,,Comercialización regional (catálogo genérico de mezcladoras); fuente: Formulación estándar de la industria; no verificada en el registro ICA
npk_edafico_26_10_10_grado_agricola,NPK edáfico 26-10-10 grado agrícola,N,26,,Comercialización regional (catálogo genérico de mezcladoras); fuente: Formulación estándar de la industria; no verificada en el registro ICA
npk_edafico_26_10_10_grado_agricola,NPK edáfico 26-10-10 grado agrícola,P,4.3643,,Comercialización regional (catálogo genérico de mezcladoras); fuente: Formulación estándar de la industria; no verificada en el registro ICA
npk_edafico_26_10_10_grado_agricola,NPK edáfico 26-10-10 grado agrícola,K,8.3015,,Comercialización regional (catálogo genérico de mezcladoras); fuente: Formulación estándar de la industria; no verificada en el registro ICA
npk_edafico_30_16_8_grado_agricola,NPK edáfico 30-16-8 grado agrícola,N,30,,Comercialización regional (catálogo genérico de mezcladoras); fuente: Formulación estándar de la industria; no verificada en el registro ICA
npk_edafico_30_16_8_grado_agricola,NPK edáfico 30-16-8 grado agrícola,P,6.9828,,Comercialización regional (catálogo genérico de mezcladoras); fuente: Formulación estándar de la industria; no verificada en el registro ICA
npk_edafico_30_16_8_grado_agricola,NPK edáfico 30-16-8 grado agrícola,K,6.6412,,Comercialización regional (catálogo genérico de mezcladoras); fuente: Formulación estándar de la industria; no verificada en el registro ICA
npk_edafico_28_14_10_grado_agricola,NPK edáfico 28-14-10 grado agrícola,N,28,,Comercialización regional (catálogo genérico de mezcladoras); fuente: Formulación estándar de la industria; no verificada en el registro ICA
npk_edafico_28_14_10_grado_agricola,NPK edáfico 28-14-10 grado agrícola,P,6.11,,Comercialización regional (catálogo genérico de mezcladoras); fuente: Formulación estándar de la industria; no verificada en el registro ICA
npk_edafico_28_14_10_grado_agricola,NPK edáfico 28-14-10 grado agrícola,K,8.3015,,Comercialización regional (catálogo genérico de mezcladoras); fuente: Formulación estándar de la industria; no verificada en el registro ICA
npk_edafico_6_24_24_grado_agricola,NPK edáfico 6-24-24 grado agrícola,N,6,,Comercialización regional (catálogo genérico de mezcladoras); fuente: Formulación estándar de la industria; no verificada en el registro ICA
npk_edafico_6_24_24_grado_agricola,NPK edáfico 6-24-24 grado agrícola,P,10.4742,,Comercialización regional (catálogo genérico de mezcladoras); fuente: Formulación estándar de la industria; no verificada en el registro ICA
npk_edafico_6_24_24_grado_agricola,NPK edáfico 6-24-24 grado agrícola,K,19.9236,,Comercialización regional (catálogo genérico de mezcladoras); fuente: Formulación estándar de la industria; no verificada en el registro ICA
npk_edafico_24_16_0_grado_agricola,NPK edáfico 24-16-0 grado agrícola,N,24,,Comercialización regional (catálogo genérico de mezcladoras); fuente: Formulación estándar de la industria; no verificada en el registro ICA
npk_edafico_24_16_0_grado_agricola,NPK edáfico 24-16-0 grado agrícola,P,6.9828,,Comercialización regional (catálogo genérico de mezcladoras); fuente: Formulación estándar de la industria; no verificada en el registro ICA
npk_edafico_24_18_0_grado_agricola,NPK edáfico 24-18-0 grado agrícola,N,24,,Comercialización regional (catálogo genérico de mezcladoras); fuente: Formulación estándar de la industria; no verificada en el registro ICA
npk_edafico_24_18_0_grado_agricola,NPK edáfico 24-18-0 grado agrícola,P,7.8557,,Comercialización regional (catálogo genérico de mezcladoras); fuente: Formulación estándar de la industria; no verificada en el registro ICA
npk_edafico_8_16_6_3s_grado_agricola,NPK edáfico 8-16-6-3S grado agrícola,N,8,,Comercialización regional (catálogo genérico de mezcladoras); fuente: Formulación estándar de la industria; no verificada en el registro ICA
npk_edafico_8_16_6_3s_grado_agricola,NPK edáfico 8-16-6-3S grado agrícola,P,6.9828,,Comercialización regional (catálogo genérico de mezcladoras); fuente: Formulación estándar de la industria; no verificada en el registro ICA
npk_edafico_8_16_6_3s_grado_agricola,NPK edáfico 8-16-6-3S grado agrícola,K,4.9809,,Comercialización regional (catálogo genérico de mezcladoras); fuente: Formulación estándar de la industria; no verificada en el registro ICA
npk_edafico_8_16_6_3s_grado_agricola,NPK edáfico 8-16-6-3S grado agrícola,S,3,,Comercialización regional (catálogo genérico de mezcladoras); fuente: Formulación estándar de la industria; no verificada en el registro ICA
npk_edafico_12_14_22_grado_agricola,NPK edáfico 12-14-22 grado agrícola,N,12,,Comercialización regional (catálogo genérico de mezcladoras); fuente: Formulación estándar de la industria; no verificada en el registro ICA
npk_edafico_12_14_22_grado_agricola,NPK edáfico 12-14-22 grado agrícola,P,6.11,,Comercialización regional (catálogo genérico de mezcladoras); fuente: Formulación estándar de la industria; no verificada en el registro ICA
npk_edafico_12_14_22_grado_agricola,NPK edáfico 12-14-22 grado agrícola,K,18.2633,,Comercialización regional (catálogo genérico de mezcladoras); fuente: Formulación estándar de la industria; no verificada en el registro ICA
npk_edafico_14_30_10_grado_agricola,NPK edáfico 14-30-10 grado agrícola,N,14,,Comercialización regional (catálogo genérico de mezcladoras); fuente: Formulación estándar de la industria; no verificada en el registro ICA
npk_edafico_14_30_10_grado_agricola,NPK edáfico 14-30-10 grado agrícola,P,13.0928,,Comercialización regional (catálogo genérico de mezcladoras); fuente: Formulación estándar de la industria; no verificada en el registro ICA
npk_edafico_14_30_10_grado_agricola,NPK edáfico 14-30-10 grado agrícola,K,8.3015,,Comercialización regional (catálogo genérico de mezcladoras); fuente: Formulación estándar de la industria; no verificada en el registro ICA
npk_edafico_0_20_28_grado_agricola,NPK edáfico 0-20-28 grado agrícola,P,8.7285,,Comercialización regional (catálogo genérico de mezcladoras); fuente: Formulación estándar de la industria; no verificada en el registro ICA
npk_edafico_0_20_28_grado_agricola,NPK edáfico 0-20-28 grado agrícola,K,23.2442,,Comercialización regional (catálogo genérico de mezcladoras); fuente: Formulación estándar de la industria; no verificada en el registro ICA
npk_edafico_24_10_4_grado_agricola,NPK edáfico 24-10-4 grado agrícola,N,24,,Comercialización regional (catálogo genérico de mezcladoras); fuente: Formulación estándar de la industria; no verificada en el registro ICA
npk_edafico_24_10_4_grado_agricola,NPK edáfico 24-10-4 grado agrícola,P,4.3643,,Comercialización regional (catálogo genérico de mezcladoras); fuente: Formulación estándar de la industria; no verificada en el registro ICA
npk_edafico_24_10_4_grado_agricola,NPK edáfico 24-10-4 grado agrícola,K,3.3206,,Comercialización regional (catálogo genérico de mezcladoras); fuente: Formulación estándar de la industria; no verificada en el registro ICA
npk_edafico_18_12_4_grado_agricola,NPK edáfico 18-12-4 grado agrícola,N,18,,Comercialización regional (catálogo genérico de mezcladoras); fuente: Formulación estándar de la industria; no verificada en el registro ICA
npk_edafico_18_12_4_grado_agricola,NPK edáfico 18-12-4 grado agrícola,P,5.2371,,Comercialización regional (catálogo genérico de mezcladoras); fuente: Formulación estándar de la industria; no verificada en el registro ICA
npk_edafico_18_12_4_grado_agricola,NPK edáfico 18-12-4 grado agrícola,K,3.3206,,Comercialización regional (catálogo genérico de mezcladoras); fuente: Formulación estándar de la industria; no verificada en el registro ICA
npk_edafico_30_8_2_grado_agricola,NPK edáfico 30-8-2 grado agrícola,N,30,,Comercialización regional (catálogo genérico de mezcladoras); fuente: Formulación estándar de la industria; no verificada en el registro ICA
npk_edafico_30_8_2_grado_agricola,NPK edáfico 30-8-2 grado agrícola,P,3.4914,,Comercialización regional (catálogo genérico de mezcladoras); fuente: Formulación estándar de la industria; no verificada en el registro ICA
npk_edafico_30_8_2_grado_agricola,NPK edáfico 30-8-2 grado agrícola,K,1.6603,,Comercialización regional (catálogo genérico de mezcladoras); fuente: Formulación estándar de la industria; no verificada en el registro ICA
npk_edafico_16_10_22_grado_agricola,NPK edáfico 16-10-22 grado agrícola,N,16,,Comercialización regional (catálogo genérico de mezcladoras); fuente: Formulación estándar de la industria; no verificada en el registro ICA
npk_edafico_16_10_22_grado_agricola,NPK edáfico 16-10-22 grado agrícola,P,4.3643,,Comercialización regional (catálogo genérico de mezcladoras); fuente: Formulación estándar de la industria; no verificada en el registro ICA
npk_edafico_16_10_22_grado_agricola,NPK edáfico 16-10-22 grado agrícola,K,18.2633,,Comercialización regional (catálogo genérico de mezcladoras); fuente: Formulación estándar de la industria; no verificada en el registro ICA
npk_edafico_20_2_6_grado_agricola,NPK edáfico 20-2-6 grado agrícola,N,20,,Comercialización regional (catálogo genérico de mezcladoras); fuente: Formulación estándar de la industria; no verificada en el registro ICA
npk_edafico_20_2_6_grado_agricola,NPK edáfico 20-2-6 grado agrícola,P,0.8729,,Comercialización regional (catálogo genérico de mezcladoras); fuente: Formulación estándar de la industria; no verificada en el registro ICA
npk_edafico_20_2_6_grado_agricola,NPK edáfico 20-2-6 grado agrícola,K,4.9809,,Comercialización regional (catálogo genérico de mezcladoras); fuente: Formulación estándar de la industria; no verificada en el registro ICA
npk_edafico_20_22_6_grado_agricola,NPK edáfico 20-22-6 grado agrícola,N,20,,Comercialización regional (catálogo genérico de mezcladoras); fuente: Formulación estándar de la industria; no verificada en el registro ICA
npk_edafico_20_22_6_grado_agricola,NPK edáfico 20-22-6 grado agrícola,P,9.6014,,Comercialización regional (catálogo genérico de mezcladoras); fuente: Formulación estándar de la industria; no verificada en el registro ICA
npk_edafico_20_22_6_grado_agricola,NPK edáfico 20-22-6 grado agrícola,K,4.9809,,Comercialización regional (catálogo genérico de mezcladoras); fuente: Formulación estándar de la industria; no verificada en el registro ICA
npk_edafico_18_16_6_grado_agricola,NPK edáfico 18-16-6 grado agrícola,N,18,,Comercialización regional (catálogo genérico de mezcladoras); fuente: Formulación estándar de la industria; no verificada en el registro ICA
npk_edafico_18_16_6_grado_agricola,NPK edáfico 18-16-6 grado agrícola,P,6.9828,,Comercialización regional (catálogo genérico de mezcladoras); fuente: Formulación estándar de la industria; no verificada en el registro ICA
npk_edafico_18_16_6_grado_agricola,NPK edáfico 18-16-6 grado agrícola,K,4.9809,,Comercialización regional (catálogo genérico de mezcladoras); fuente: Formulación estándar de la industria; no verificada en el registro ICA
npk_edafico_18_6_16_grado_agricola,NPK edáfico 18-6-16 grado agrícola,N,18,,Comercialización regional (catálogo genérico de mezcladoras); fuente: Formulación estándar de la industria; no verificada en el registro ICA
npk_edafico_18_6_16_grado_agricola,NPK edáfico 18-6-16 grado agrícola,P,2.6186,,Comercialización regional (catálogo genérico de mezcladoras); fuente: Formulación estándar de la industria; no verificada en el registro ICA
npk_edafico_18_6_16_grado_agricola,NPK edáfico 18-6-16 grado agrícola,K,13.2824,,Comercialización regional (catálogo genérico de mezcladoras); fuente: Formulación estándar de la industria; no verificada en el registro ICA
npk_edafico_4_6_12_grado_agricola,NPK edáfico 4-6-12 grado agrícola,N,4,,Comercialización regional (catálogo genérico de mezcladoras); fuente: Formulación estándar de la industria; no verificada en el registro ICA
npk_edafico_4_6_12_grado_agricola,NPK edáfico 4-6-12 grado agrícola,P,2.6186,,Comercialización regional (catálogo genérico de mezcladoras); fuente: Formulación estándar de la industria; no verificada en el registro ICA
npk_edafico_4_6_12_grado_agricola,NPK edáfico 4-6-12 grado agrícola,K,9.9618,,Comercialización regional (catálogo genérico de mezcladoras); fuente: Formulación estándar de la industria; no verificada en el registro ICA
npk_edafico_16_16_6_grado_agricola,NPK edáfico 16-16-6 grado agrícola,N,16,,Comercialización regional (catálogo genérico de mezcladoras); fuente: Formulación estándar de la industria; no verificada en el registro ICA
npk_edafico_16_16_6_grado_agricola,NPK edáfico 16-16-6 grado agrícola,P,6.9828,,Comercialización regional (catálogo genérico de mezcladoras); fuente: Formulación estándar de la industria; no verificada en el registro ICA
npk_edafico_16_16_6_grado_agricola,NPK edáfico 16-16-6 grado agrícola,K,4.9809,,Comercialización regional (catálogo genérico de mezcladoras); fuente: Formulación estándar de la industria; no verificada en el registro ICA
npk_edafico_6_16_16_grado_agricola,NPK edáfico 6-16-16 grado agrícola,N,6,,Comercialización regional (catálogo genérico de mezcladoras); fuente: Formulación estándar de la industria; no verificada en el registro ICA
npk_edafico_6_16_16_grado_agricola,NPK edáfico 6-16-16 grado agrícola,P,6.9828,,Comercialización regional (catálogo genérico de mezcladoras); fuente: Formulación estándar de la industria; no verificada en el registro ICA
npk_edafico_6_16_16_grado_agricola,NPK edáfico 6-16-16 grado agrícola,K,13.2824,,Comercialización regional (catálogo genérico de mezcladoras); fuente: Formulación estándar de la industria; no verificada en el registro ICA
npk_edafico_16_24_8_3s_grado_agricola,NPK edáfico 16-24-8-3S grado agrícola,N,16,,Comercialización regional (catálogo genérico de mezcladoras); fuente: Formulación estándar de la industria; no verificada en el registro ICA
npk_edafico_16_24_8_3s_grado_agricola,NPK edáfico 16-24-8-3S grado agrícola,P,10.4742,,Comercialización regional (catálogo genérico de mezcladoras); fuente: Formulación estándar de la industria; no verificada en el registro ICA
npk_edafico_16_24_8_3s_grado_agricola,NPK edáfico 16-24-8-3S grado agrícola,K,6.6412,,Comercialización regional (catálogo genérico de mezcladoras); fuente: Formulación estándar de la industria; no verificada en el registro ICA
npk_edafico_16_24_8_3s_grado_agricola,NPK edáfico 16-24-8-3S grado agrícola,S,3,,Comercialización regional (catálogo genérico de mezcladoras); fuente: Formulación estándar de la industria; no verificada en el registro ICA
npk_edafico_12_18_12_3s_grado_agricola,NPK edáfico 12-18-12-3S grado agrícola,N,12,,Comercialización regional (catálogo genérico de mezcladoras); fuente: Formulación estándar de la industria; no verificada en el registro ICA
npk_edafico_12_18_12_3s_grado_agricola,NPK edáfico 12-18-12-3S grado agrícola,P,7.8557,,Comercialización regional (catálogo genérico de mezcladoras); fuente: Formulación estándar de la industria; no verificada en el registro ICA
npk_edafico_12_18_12_3s_grado_agricola,NPK edáfico 12-18-12-3S grado agrícola,K,9.9618,,Comercialización regional (catálogo genérico de mezcladoras); fuente: Formulación estándar de la industria; no verificada en el registro ICA
npk_edafico_12_18_12_3s_grado_agricola,NPK edáfico 12-18-12-3S grado agrícola,S,3,,Comercialización regional (catálogo genérico de mezcladoras); fuente: Formulación estándar de la industria; no verificada en el registro ICA
npk_edafico_16_4_18_grado_agricola,NPK edáfico 16-4-18 grado agrícola,N,16,,Comercialización regional (catálogo genérico de mezcladoras); fuente: Formulación estándar de la industria; no verificada en el registro ICA
npk_edafico_16_4_18_grado_agricola,NPK edáfico 16-4-18 grado agrícola,P,1.7457,,Comercialización regional (catálogo genérico de mezcladoras); fuente: Formulación estándar de la industria; no verificada en el registro ICA
npk_edafico_16_4_18_grado_agricola,NPK edáfico 16-4-18 grado agrícola,K,14.9427,,Comercialización regional (catálogo genérico de mezcladoras); fuente: Formulación estándar de la industria; no verificada en el registro ICA
npk_edafico_22_4_12_grado_agricola,NPK edáfico 22-4-12 grado agrícola,N,22,,Comercialización regional (catálogo genérico de mezcladoras); fuente: Formulación estándar de la industria; no verificada en el registro ICA
npk_edafico_22_4_12_grado_agricola,NPK edáfico 22-4-12 grado agrícola,P,1.7457,,Comercialización regional (catálogo genérico de mezcladoras); fuente: Formulación estándar de la industria; no verificada en el registro ICA
npk_edafico_22_4_12_grado_agricola,NPK edáfico 22-4-12 grado agrícola,K,9.9618,,Comercialización regional (catálogo genérico de mezcladoras); fuente: Formulación estándar de la industria; no verificada en el registro ICA
npk_edafico_18_4_20_3s_grado_agricola,NPK edáfico 18-4-20-3S grado agrícola,N,18,,Comercialización regional (catálogo genérico de mezcladoras); fuente: Formulación estándar de la industria; no verificada en el registro ICA
npk_edafico_18_4_20_3s_grado_agricola,NPK edáfico 18-4-20-3S grado agrícola,P,1.7457,,Comercialización regional (catálogo genérico de mezcladoras); fuente: Formulación estándar de la industria; no verificada en el registro ICA
npk_edafico_18_4_20_3s_grado_agricola,NPK edáfico 18-4-20-3S grado agrícola,K,16.603,,Comercialización regional (catálogo genérico de mezcladoras); fuente: Formulación estándar de la industria; no verificada en el registro ICA
npk_edafico_18_4_20_3s_grado_agricola,NPK edáfico 18-4-20-3S grado agrícola,S,3,,Comercialización regional (catálogo genérico de mezcladoras); fuente: Formulación estándar de la industria; no verificada en el registro ICA
npk_edafico_8_14_20_grado_agricola,NPK edáfico 8-14-20 grado agrícola,N,8,,Comercialización regional (catálogo genérico de mezcladoras); fuente: Formulación estándar de la industria; no verificada en el registro ICA
npk_edafico_8_14_20_grado_agricola,NPK edáfico 8-14-20 grado agrícola,P,6.11,,Comercialización regional (catálogo genérico de mezcladoras); fuente: Formulación estándar de la industria; no verificada en el registro ICA
npk_edafico_8_14_20_grado_agricola,NPK edáfico 8-14-20 grado agrícola,K,16.603,,Comercialización regional (catálogo genérico de mezcladoras); fuente: Formulación estándar de la industria; no verificada en el registro ICA
npk_edafico_10_30_0_grado_agricola,NPK edáfico 10-30-0 grado agrícola,N,10,,Comercialización regional (catálogo genérico de mezcladoras); fuente: Formulación estándar de la industria; no verificada en el registro ICA
npk_edafico_10_30_0_grado_agricola,NPK edáfico 10-30-0 grado agrícola,P,13.0928,,Comercialización regional (catálogo genérico de mezcladoras); fuente: Formulación estándar de la industria; no verificada en el registro ICA
npk_edafico_30_0_12_grado_agricola,NPK edáfico 30-0-12 grado agrícola,N,30,,Comercialización regional (catálogo genérico de mezcladoras); fuente: Formulación estándar de la industria; no verificada en el registro ICA
npk_edafico_30_0_12_grado_agricola,NPK edáfico 30-0-12 grado agrícola,K,9.9618,,Comercialización regional (catálogo genérico de mezcladoras); fuente: Formulación estándar de la industria; no verificada en el registro ICA
npk_edafico_0_2_28_3s_grado_agricola,NPK edáfico 0-2-28-3S grado agrícola,P,0.8729,,Comercialización regional (catálogo genérico de mezcladoras); fuente: Formulación estándar de la industria; no verificada en el registro ICA
npk_edafico_0_2_28_3s_grado_agricola,NPK edáfico 0-2-28-3S grado agrícola,K,23.2442,,Comercialización regional (catálogo genérico de mezcladoras); fuente: Formulación estándar de la industria; no verificada en el registro ICA
npk_edafico_0_2_28_3s_grado_agricola,NPK edáfico 0-2-28-3S grado agrícola,S,3,,Comercialización regional (catálogo genérico de mezcladoras); fuente: Formulación estándar de la industria; no verificada en el registro ICA
npk_edafico_10_10_8_grado_agricola,NPK edáfico 10-10-8 grado agrícola,N,10,,Comercialización regional (catálogo genérico de mezcladoras); fuente: Formulación estándar de la industria; no verificada en el registro ICA
npk_edafico_10_10_8_grado_agricola,NPK edáfico 10-10-8 grado agrícola,P,4.3643,,Comercialización regional (catálogo genérico de mezcladoras); fuente: Formulación estándar de la industria; no verificada en el registro ICA
npk_edafico_10_10_8_grado_agricola,NPK edáfico 10-10-8 grado agrícola,K,6.6412,,Comercialización regional (catálogo genérico de mezcladoras); fuente: Formulación estándar de la industria; no verificada en el registro ICA
npk_edafico_28_12_4_grado_agricola,NPK edáfico 28-12-4 grado agrícola,N,28,,Comercialización regional (catálogo genérico de mezcladoras); fuente: Formulación estándar de la industria; no verificada en el registro ICA
npk_edafico_28_12_4_grado_agricola,NPK edáfico 28-12-4 grado agrícola,P,5.2371,,Comercialización regional (catálogo genérico de mezcladoras); fuente: Formulación estándar de la industria; no verificada en el registro ICA
npk_edafico_28_12_4_grado_agricola,NPK edáfico 28-12-4 grado agrícola,K,3.3206,,Comercialización regional (catálogo genérico de mezcladoras); fuente: Formulación estándar de la industria; no verificada en el registro ICA
npk_edafico_10_6_22_grado_agricola,NPK edáfico 10-6-22 grado agrícola,N,10,,Comercialización regional (catálogo genérico de mezcladoras); fuente: Formulación estándar de la industria; no verificada en el registro ICA
npk_edafico_10_6_22_grado_agricola,NPK edáfico 10-6-22 grado agrícola,P,2.6186,,Comercialización regional (catálogo genérico de mezcladoras); fuente: Formulación estándar de la industria; no verificada en el registro ICA
npk_edafico_10_6_22_grado_agricola,NPK edáfico 10-6-22 grado agrícola,K,18.2633,,Comercialización regional (catálogo genérico de mezcladoras); fuente: Formulación estándar de la industria; no verificada en el registro ICA
npk_edafico_2_16_28_grado_agricola,NPK edáfico 2-16-28 grado agrícola,N,2,,Comercialización regional (catálogo genérico de mezcladoras); fuente: Formulación estándar de la industria; no verificada en el registro ICA
npk_edafico_2_16_28_grado_agricola,NPK edáfico 2-16-28 grado agrícola,P,6.9828,,Comercialización regional (catálogo genérico de mezcladoras); fuente: Formulación estándar de la industria; no verificada en el registro ICA
npk_edafico_2_16_28_grado_agricola,NPK edáfico 2-16-28 grado agrícola,K,23.2442,,Comercialización regional (catálogo genérico de mezcladoras); fuente: Formulación estándar de la industria; no verificada en el registro ICA
npk_edafico_6_22_0_grado_agricola,NPK edáfico 6-22-0 grado agrícola,N,6,,Comercialización regional (catálogo genérico de mezcladoras); fuente: Formulación estándar de la industria; no verificada en el registro ICA
npk_edafico_6_22_0_grado_agricola,NPK edáfico 6-22-0 grado agrícola,P,9.6014,,Comercialización regional (catálogo genérico de mezcladoras); fuente: Formulación estándar de la industria; no verificada en el registro ICA
npk_edafico_12_30_12_grado_agricola,NPK edáfico 12-30-12 grado agrícola,N,12,,Comercialización regional (catálogo genérico de mezcladoras); fuente: Formulación estándar de la industria; no verificada en el registro ICA
npk_edafico_12_30_12_grado_agricola,NPK edáfico 12-30-12 grado agrícola,P,13.0928,,Comercialización regional (catálogo genérico de mezcladoras); fuente: Formulación estándar de la industria; no verificada en el registro ICA
npk_edafico_12_30_12_grado_agricola,NPK edáfico 12-30-12 grado agrícola,K,9.9618,,Comercialización regional (catálogo genérico de mezcladoras); fuente: Formulación estándar de la industria; no verificada en el registro ICA
npk_edafico_6_30_18_grado_agricola,NPK edáfico 6-30-18 grado agrícola,N,6,,Comercialización regional (catálogo genérico de mezcladoras); fuente: Formulación estándar de la industria; no verificada en el registro ICA
npk_edafico_6_30_18_grado_agricola,NPK edáfico 6-30-18 grado agrícola,P,13.0928,,Comercialización regional (catálogo genérico de mezcladoras); fuente: Formulación estándar de la industria; no verificada en el registro ICA
npk_edafico_6_30_18_grado_agricola,NPK edáfico 6-30-18 grado agrícola,K,14.9427,,Comercialización regional (catálogo genérico de mezcladoras); fuente: Formulación estándar de la industria; no verificada en el registro ICA
npk_edafico_12_4_8_3s_grado_agricola,NPK edáfico 12-4-8-3S grado agrícola,N,12,,Comercialización regional (catálogo genérico de mezcladoras); fuente: Formulación estándar de la industria; no verificada en el registro ICA
npk_edafico_12_4_8_3s_grado_agricola,NPK edáfico 12-4-8-3S grado agrícola,P,1.7457,,Comercialización regional (catálogo genérico de mezcladoras); fuente: Formulación estándar de la industria; no verificada en el registro ICA
npk_edafico_12_4_8_3s_grado_agricola,NPK edáfico 12-4-8-3S grado agrícola,K,6.6412,,Comercialización regional (catálogo genérico de mezcladoras); fuente: Formulación estándar de la industria; no verificada en el registro ICA
npk_edafico_12_4_8_3s_grado_agricola,NPK edáfico 12-4-8-3S grado agrícola,S,3,,Comercialización regional (catálogo genérico de mezcladoras); fuente: Formulación estándar de la industria; no verificada en el registro ICA
npk_edafico_24_16_6_grado_agricola,NPK edáfico 24-16-6 grado agrícola,N,24,,Comercialización regional (catálogo genérico de mezcladoras); fuente: Formulación estándar de la industria; no verificada en el registro ICA
npk_edafico_24_16_6_grado_agricola,NPK edáfico 24-16-6 grado agrícola,P,6.9828,,Comercialización regional (catálogo genérico de mezcladoras); fuente: Formulación estándar de la industria; no verificada en el registro ICA
npk_edafico_24_16_6_grado_agricola,NPK edáfico 24-16-6 grado agrícola,K,4.9809,,Comercialización regional (catálogo genérico de mezcladoras); fuente: Formulación estándar de la industria; no verificada en el registro ICA
npk_edafico_30_14_4_3s_grado_agricola,NPK edáfico 30-14-4-3S grado agrícola,N,30,,Comercialización regional (catálogo genérico de mezcladoras); fuente: Formulación estándar de la industria; no verificada en el registro ICA
npk_edafico_30_14_4_3s_grado_agricola,NPK edáfico 30-14-4-3S grado agrícola,P,6.11,,Comercialización regional (catálogo genérico de mezcladoras); fuente: Formulación estándar de la industria; no verificada en el registro ICA
npk_edafico_30_14_4_3s_grado_agricola,NPK edáfico 30-14-4-3S grado agrícola,K,3.3206,,Comercialización regional (catálogo genérico de mezcladoras); fuente: Formulación estándar de la industria; no verificada en el registro ICA
npk_edafico_30_14_4_3s_grado_agricola,NPK edáfico 30-14-4-3S grado agrícola,S,3,,Comercialización regional (catálogo genérico de mezcladoras); fuente: Formulación estándar de la industria; no verificada en el registro ICA
npk_edafico_18_18_6_3s_grado_agricola,NPK edáfico 18-18-6-3S grado agrícola,N,18,,Comercialización regional (catálogo genérico de mezcladoras); fuente: Formulación estándar de la industria; no verificada en el registro ICA
npk_edafico_18_18_6_3s_grado_agricola,NPK edáfico 18-18-6-3S grado agrícola,P,7.8557,,Comercialización regional (catálogo genérico de mezcladoras); fuente: Formulación estándar de la industria; no verificada en el registro ICA
npk_edafico_18_18_6_3s_grado_agricola,NPK edáfico 18-18-6-3S grado agrícola,K,4.9809,,Comercialización regional (catálogo genérico de mezcladoras); fuente: Formulación estándar de la industria; no verificada en el registro ICA
npk_edafico_18_18_6_3s_grado_agricola,NPK edáfico 18-18-6-3S grado agrícola,S,3,,Comercialización regional (catálogo genérico de mezcladoras); fuente: Formulación estándar de la industria; no verificada en el registro ICA
npk_edafico_14_18_10_grado_agricola,NPK edáfico 14-18-10 grado agrícola,N,14,,Comercialización regional (catálogo genérico de mezcladoras); fuente: Formulación estándar de la industria; no verificada en el registro ICA
npk_edafico_14_18_10_grado_agricola,NPK edáfico 14-18-10 grado agrícola,P,7.8557,,Comercialización regional (catálogo genérico de mezcladoras); fuente: Formulación estándar de la industria; no verificada en el registro ICA
npk_edafico_14_18_10_grado_agricola,NPK edáfico 14-18-10 grado agrícola,K,8.3015,,Comercialización regional (catálogo genérico de mezcladoras); fuente: Formulación estándar de la industria; no verificada en el registro ICA
npk_edafico_20_20_14_grado_agricola,NPK edáfico 20-20-14 grado agrícola,N,20,,Comercialización regional (catálogo genérico de mezcladoras); fuente: Formulación estándar de la industria; no verificada en el registro ICA
npk_edafico_20_20_14_grado_agricola,NPK edáfico 20-20-14 grado agrícola,P,8.7285,,Comercialización regional (catálogo genérico de mezcladoras); fuente: Formulación estándar de la industria; no verificada en el registro ICA
npk_edafico_20_20_14_grado_agricola,NPK edáfico 20-20-14 grado agrícola,K,11.6221,,Comercialización regional (catálogo genérico de mezcladoras); fuente: Formulación estándar de la industria; no verificada en el registro ICA
npk_edafico_6_16_0_grado_agricola,NPK edáfico 6-16-0 grado agrícola,N,6,,Comercialización regional (catálogo genérico de mezcladoras); fuente: Formulación estándar de la industria; no verificada en el registro ICA
npk_edafico_6_16_0_grado_agricola,NPK edáfico 6-16-0 grado agrícola,P,6.9828,,Comercialización regional (catálogo genérico de mezcladoras); fuente: Formulación estándar de la industria; no verificada en el registro ICA
npk_edafico_4_26_22_grado_agricola,NPK edáfico 4-26-22 grado agrícola,N,4,,Comercialización regional (catálogo genérico de mezcladoras); fuente: Formulación estándar de la industria; no verificada en el registro ICA
npk_edafico_4_26_22_grado_agricola,NPK edáfico 4-26-22 grado agrícola,P,11.3471,,Comercialización regional (catálogo genérico de mezcladoras); fuente: Formulación estándar de la industria; no verificada en el registro ICA
npk_edafico_4_26_22_grado_agricola,NPK edáfico 4-26-22 grado agrícola,K,18.2633,,Comercialización regional (catálogo genérico de mezcladoras); fuente: Formulación estándar de la industria; no verificada en el registro ICA
npk_edafico_8_4_8_grado_agricola,NPK edáfico 8-4-8 grado agrícola,N,8,,Comercialización regional (catálogo genérico de mezcladoras); fuente: Formulación estándar de la industria; no verificada en el registro ICA
npk_edafico_8_4_8_grado_agricola,NPK edáfico 8-4-8 grado agrícola,P,1.7457,,Comercialización regional (catálogo genérico de mezcladoras); fuente: Formulación estándar de la industria; no verificada en el registro ICA
npk_edafico_8_4_8_grado_agricola,NPK edáfico 8-4-8 grado agrícola,K,6.6412,,Comercialización regional (catálogo genérico de mezcladoras); fuente: Formulación estándar de la industria; no verificada en el registro ICA
npk_edafico_14_4_22_grado_agricola,NPK edáfico 14-4-22 grado agrícola,N,14,,Comercialización regional (catálogo genérico de mezcladoras); fuente: Formulación estándar de la industria; no verificada en el registro ICA
npk_edafico_14_4_22_grado_agricola,NPK edáfico 14-4-22 grado agrícola,P,1.7457,,Comercialización regional (catálogo genérico de mezcladoras); fuente: Formulación estándar de la industria; no verificada en el registro ICA
npk_edafico_14_4_22_grado_agricola,NPK edáfico 14-4-22 grado agrícola,K,18.2633,,Comercialización regional (catálogo genérico de mezcladoras); fuente: Formulación estándar de la industria; no verificada en el registro ICA
npk_edafico_14_26_8_grado_agricola,NPK edáfico 14-26-8 grado agrícola,N,14,,Comercialización regional (catálogo genérico de mezcladoras); fuente: Formulación estándar de la industria; no verificada en el registro ICA
npk_edafico_14_26_8_grado_agricola,NPK edáfico 14-26-8 grado agrícola,P,11.3471,,Comercialización regional (catálogo genérico de mezcladoras); fuente: Formulación estándar de la industria; no verificada en el registro ICA
npk_edafico_14_26_8_grado_agricola,NPK edáfico 14-26-8 grado agrícola,K,6.6412,,Comercialización regional (catálogo genérico de mezcladoras); fuente: Formulación estándar de la industria; no verificada en el registro ICA
npk_edafico_0_2_30_grado_agricola,NPK edáfico 0-2-30 grado agrícola,P,0.8729,,Comercialización regional (catálogo genérico de mezcladoras); fuente: Formulación estándar de la industria; no verificada en el registro ICA
npk_edafico_0_2_30_grado_agricola,NPK edáfico 0-2-30 grado agrícola,K,24.9045,,Comercialización regional (catálogo genérico de mezcladoras); fuente: Formulación estándar de la industria; no verificada en el registro ICA
npk_edafico_12_6_30_grado_agricola,NPK edáfico 12-6-30 grado agrícola,N,12,,Comercialización regional (catálogo genérico de mezcladoras); fuente: Formulación estándar de la industria; no verificada en el registro ICA
npk_edafico_12_6_30_grado_agricola,NPK edáfico 12-6-30 grado agrícola,P,2.6186,,Comercialización regional (catálogo genérico de mezcladoras); fuente: Formulación estándar de la industria; no verificada en el registro ICA
npk_edafico_12_6_30_grado_agricola,NPK edáfico 12-6-30 grado agrícola,K,24.9045,,Comercialización regional (catálogo genérico de mezcladoras); fuente: Formulación estándar de la industria; no verificada en el registro ICA
npk_edafico_6_8_26_grado_agricola,NPK edáfico 6-8-26 grado agrícola,N,6,,Comercialización regional (catálogo genérico de mezcladoras); fuente: Formulación estándar de la industria; no verificada en el registro ICA
npk_edafico_6_8_26_grado_agricola,NPK edáfico 6-8-26 grado agrícola,P,3.4914,,Comercialización regional (catálogo genérico de mezcladoras); fuente: Formulación estándar de la industria; no verificada en el registro ICA
npk_edafico_6_8_26_grado_agricola,NPK edáfico 6-8-26 grado agrícola,K,21.5839,,Comercialización regional (catálogo genérico de mezcladoras); fuente: Formulación estándar de la industria; no verificada en el registro ICA
npk_edafico_4_20_2_grado_agricola,NPK edáfico 4-20-2 grado agrícola,N,4,,Comercialización regional (catálogo genérico de mezcladoras); fuente: Formulación estándar de la industria; no verificada en el registro ICA
npk_edafico_4_20_2_grado_agricola,NPK edáfico 4-20-2 grado agrícola,P,8.7285,,Comercialización regional (catálogo genérico de mezcladoras); fuente: Formulación estándar de la industria; no verificada en el registro ICA
npk_edafico_4_20_2_grado_agricola,NPK edáfico 4-20-2 grado agrícola,K,1.6603,,Comercialización regional (catálogo genérico de mezcladoras); fuente: Formulación estándar de la industria; no verificada en el registro ICA
npk_edafico_24_0_26_grado_agricola,NPK edáfico 24-0-26 grado agrícola,N,24,,Comercialización regional (catálogo genérico de mezcladoras); fuente: Formulación estándar de la industria; no verificada en el registro ICA
npk_edafico_24_0_26_grado_agricola,NPK edáfico 24-0-26 grado agrícola,K,21.5839,,Comercialización regional (catálogo genérico de mezcladoras); fuente: Formulación estándar de la industria; no verificada en el registro ICA
npk_edafico_14_26_0_grado_agricola,NPK edáfico 14-26-0 grado agrícola,N,14,,Comercialización regional (catálogo genérico de mezcladoras); fuente: Formulación estándar de la industria; no verificada en el registro ICA
npk_edafico_14_26_0_grado_agricola,NPK edáfico 14-26-0 grado agrícola,P,11.3471,,Comercialización regional (catálogo genérico de mezcladoras); fuente: Formulación estándar de la industria; no verificada en el registro ICA
npk_edafico_10_22_8_grado_agricola,NPK edáfico 10-22-8 grado agrícola,N,10,,Comercialización regional (catálogo genérico de mezcladoras); fuente: Formulación estándar de la industria; no verificada en el registro ICA
npk_edafico_10_22_8_grado_agricola,NPK edáfico 10-22-8 grado agrícola,P,9.6014,,Comercialización regional (catálogo genérico de mezcladoras); fuente: Formulación estándar de la industria; no verificada en el registro ICA
npk_edafico_10_22_8_grado_agricola,NPK edáfico 10-22-8 grado agrícola,K,6.6412,,Comercialización regional (catálogo genérico de mezcladoras); fuente: Formulación estándar de la industria; no verificada en el registro ICA
npk_edafico_10_24_4_grado_agricola,NPK edáfico 10-24-4 grado agrícola,N,10,,Comercialización regional (catálogo genérico de mezcladoras); fuente: Formulación estándar de la industria; no verificada en el registro ICA
npk_edafico_10_24_4_grado_agricola,NPK edáfico 10-24-4 grado agrícola,P,10.4742,,Comercialización regional (catálogo genérico de mezcladoras); fuente: Formulación estándar de la industria; no verificada en el registro ICA
npk_edafico_10_24_4_grado_agricola,NPK edáfico 10-24-4 grado agrícola,K,3.3206,,Comercialización regional (catálogo genérico de mezcladoras); fuente: Formulación estándar de la industria; no verificada en el registro ICA
npk_edafico_4_16_18_grado_agricola,NPK edáfico 4-16-18 grado agrícola,N,4,,Comercialización regional (catálogo genérico de mezcladoras); fuente: Formulación estándar de la industria; no verificada en el registro ICA
npk_edafico_4_16_18_grado_agricola,NPK edáfico 4-16-18 grado agrícola,P,6.9828,,Comercialización regional (catálogo genérico de mezcladoras); fuente: Formulación estándar de la industria; no verificada en el registro ICA
npk_edafico_4_16_18_grado_agricola,NPK edáfico 4-16-18 grado agrícola,K,14.9427,,Comercialización regional (catálogo genérico de mezcladoras); fuente: Formulación estándar de la industria; no verificada en el registro ICA
npk_edafico_16_4_26_grado_agricola,NPK edáfico 16-4-26 grado agrícola,N,16,,Comercialización regional (catálogo genérico de mezcladoras); fuente: Formulación estándar de la industria; no verificada en el registro ICA
npk_edafico_16_4_26_grado_agricola,NPK edáfico 16-4-26 grado agrícola,P,1.7457,,Comercialización regional (catálogo genérico de mezcladoras); fuente: Formulación estándar de la industria; no verificada en el registro ICA
npk_edafico_16_4_26_grado_agricola,NPK edáfico 16-4-26 grado agrícola,K,21.5839,,Comercialización regional (catálogo genérico de mezcladoras); fuente: Formulación estándar de la industria; no verificada en el registro ICA
npk_edafico_26_2_6_grado_agricola,NPK edáfico 26-2-6 grado agrícola,N,26,,Comercialización regional (catálogo genérico de mezcladoras); fuente: Formulación estándar de la industria; no verificada en el registro ICA
npk_edafico_26_2_6_grado_agricola,NPK edáfico 26-2-6 grado agrícola,P,0.8729,,Comercialización regional (catálogo genérico de mezcladoras); fuente: Formulación estándar de la industria; no verificada en el registro ICA
npk_edafico_26_2_6_grado_agricola,NPK edáfico 26-2-6 grado agrícola,K,4.9809,,Comercialización regional (catálogo genérico de mezcladoras); fuente: Formulación estándar de la industria; no verificada en el registro ICA
npk_edafico_10_0_16_grado_agricola,NPK edáfico 10-0-16 grado agrícola,N,10,,Comercialización regional (catálogo genérico de mezcladoras); fuente: Formulación estándar de la industria; no verificada en el registro ICA
npk_edafico_10_0_16_grado_agricola,NPK edáfico 10-0-16 grado agrícola,K,13.2824,,Comercialización regional (catálogo genérico de mezcladoras); fuente: Formulación estándar de la industria; no verificada en el registro ICA
npk_edafico_0_18_20_grado_agricola,NPK edáfico 0-18-20 grado agrícola,P,7.8557,,Comercialización regional (catálogo genérico de mezcladoras); fuente: Formulación estándar de la industria; no verificada en el registro ICA
npk_edafico_0_18_20_grado_agricola,NPK edáfico 0-18-20 grado agrícola,K,16.603,,Comercialización regional (catálogo genérico de mezcladoras); fuente: Formulación estándar de la industria; no verificada en el registro ICA
npk_edafico_20_0_14_grado_agricola,NPK edáfico 20-0-14 grado agrícola,N,20,,Comercialización regional (catálogo genérico de mezcladoras); fuente: Formulación estándar de la industria; no verificada en el registro ICA
npk_edafico_20_0_14_grado_agricola,NPK edáfico 20-0-14 grado agrícola,K,11.6221,,Comercialización regional (catálogo genérico de mezcladoras); fuente: Formulación estándar de la industria; no verificada en el registro ICA
npk_edafico_18_22_2_3s_grado_agricola,NPK edáfico 18-22-2-3S grado agrícola,N,18,,Comercialización regional (catálogo genérico de mezcladoras); fuente: Formulación estándar de la industria; no verificada en el registro ICA
npk_edafico_18_22_2_3s_grado_agricola,NPK edáfico 18-22-2-3S grado agrícola,P,9.6014,,Comercialización regional (catálogo genérico de mezcladoras); fuente: Formulación estándar de la industria; no verificada en el registro ICA
npk_edafico_18_22_2_3s_grado_agricola,NPK edáfico 18-22-2-3S grado agrícola,K,1.6603,,Comercialización regional (catálogo genérico de mezcladoras); fuente: Formulación estándar de la industria; no verificada en el registro ICA
npk_edafico_18_22_2_3s_grado_agricola,NPK edáfico 18-22-2-3S grado agrícola,S,3,,Comercialización regional (catálogo genérico de mezcladoras); fuente: Formulación estándar de la industria; no verificada en el registro ICA
npk_edafico_4_14_4_grado_agricola,NPK edáfico 4-14-4 grado agrícola,N,4,,Comercialización regional (catálogo genérico de mezcladoras); fuente: Formulación estándar de la industria; no verificada en el registro ICA
npk_edafico_4_14_4_grado_agricola,NPK edáfico 4-14-4 grado agrícola,P,6.11,,Comercialización regional (catálogo genérico de mezcladoras); fuente: Formulación estándar de la industria; no verificada en el registro ICA
npk_edafico_4_14_4_grado_agricola,NPK edáfico 4-14-4 grado agrícola,K,3.3206,,Comercialización regional (catálogo genérico de mezcladoras); fuente: Formulación estándar de la industria; no verificada en el registro ICA
npk_edafico_12_4_14_grado_agricola,NPK edáfico 12-4-14 grado agrícola,N,12,,Comercialización regional (catálogo genérico de mezcladoras); fuente: Formulación estándar de la industria; no verificada en el registro ICA
npk_edafico_12_4_14_grado_agricola,NPK edáfico 12-4-14 grado agrícola,P,1.7457,,Comercialización regional (catálogo genérico de mezcladoras); fuente: Formulación estándar de la industria; no verificada en el registro ICA
npk_edafico_12_4_14_grado_agricola,NPK edáfico 12-4-14 grado agrícola,K,11.6221,,Comercialización regional (catálogo genérico de mezcladoras); fuente: Formulación estándar de la industria; no verificada en el registro ICA
npk_edafico_6_10_6_grado_agricola,NPK edáfico 6-10-6 grado agrícola,N,6,,Comercialización regional (catálogo genérico de mezcladoras); fuente: Formulación estándar de la industria; no verificada en el registro ICA
npk_edafico_6_10_6_grado_agricola,NPK edáfico 6-10-6 grado agrícola,P,4.3643,,Comercialización regional (catálogo genérico de mezcladoras); fuente: Formulación estándar de la industria; no verificada en el registro ICA
npk_edafico_6_10_6_grado_agricola,NPK edáfico 6-10-6 grado agrícola,K,4.9809,,Comercialización regional (catálogo genérico de mezcladoras); fuente: Formulación estándar de la industria; no verificada en el registro ICA
npk_edafico_0_4_22_grado_agricola,NPK edáfico 0-4-22 grado agrícola,P,1.7457,,Comercialización regional (catálogo genérico de mezcladoras); fuente: Formulación estándar de la industria; no verificada en el registro ICA
npk_edafico_0_4_22_grado_agricola,NPK edáfico 0-4-22 grado agrícola,K,18.2633,,Comercialización regional (catálogo genérico de mezcladoras); fuente: Formulación estándar de la industria; no verificada en el registro ICA
npk_edafico_22_10_16_3s_grado_agricola,NPK edáfico 22-10-16-3S grado agrícola,N,22,,Comercialización regional (catálogo genérico de mezcladoras); fuente: Formulación estándar de la industria; no verificada en el registro ICA
npk_edafico_22_10_16_3s_grado_agricola,NPK edáfico 22-10-16-3S grado agrícola,P,4.3643,,Comercialización regional (catálogo genérico de mezcladoras); fuente: Formulación estándar de la industria; no verificada en el registro ICA
npk_edafico_22_10_16_3s_grado_agricola,NPK edáfico 22-10-16-3S grado agrícola,K,13.2824,,Comercialización regional (catálogo genérico de mezcladoras); fuente: Formulación estándar de la industria; no verificada en el registro ICA
npk_edafico_22_10_16_3s_grado_agricola,NPK edáfico 22-10-16-3S grado agrícola,S,3,,Comercialización regional (catálogo genérico de mezcladoras); fuente: Formulación estándar de la industria; no verificada en el registro ICA
npk_edafico_14_10_26_grado_agricola,NPK edáfico 14-10-26 grado agrícola,N,14,,Comercialización regional (catálogo genérico de mezcladoras); fuente: Formulación estándar de la industria; no verificada en el registro ICA
npk_edafico_14_10_26_grado_agricola,NPK edáfico 14-10-26 grado agrícola,P,4.3643,,Comercialización regional (catálogo genérico de mezcladoras); fuente: Formulación estándar de la industria; no verificada en el registro ICA
npk_edafico_14_10_26_grado_agricola,NPK edáfico 14-10-26 grado agrícola,K,21.5839,,Comercialización regional (catálogo genérico de mezcladoras); fuente: Formulación estándar de la industria; no verificada en el registro ICA
npk_edafico_12_26_8_grado_agricola,NPK edáfico 12-26-8 grado agrícola,N,12,,Comercialización regional (catálogo genérico de mezcladoras); fuente: Formulación estándar de la industria; no verificada en el registro ICA
npk_edafico_12_26_8_grado_agricola,NPK edáfico 12-26-8 grado agrícola,P,11.3471,,Comercialización regional (catálogo genérico de mezcladoras); fuente: Formulación estándar de la industria; no verificada en el registro ICA
npk_edafico_12_26_8_grado_agricola,NPK edáfico 12-26-8 grado agrícola,K,6.6412,,Comercialización regional (catálogo genérico de mezcladoras); fuente: Formulación estándar de la industria; no verificada en el registro ICA
npk_edafico_24_24_0_grado_agricola,NPK edáfico 24-24-0 grado agrícola,N,24,,Comercialización regional (catálogo genérico de mezcladoras); fuente: Formulación estándar de la industria; no verificada en el registro ICA
npk_edafico_24_24_0_grado_agricola,NPK edáfico 24-24-0 grado agrícola,P,10.4742,,Comercialización regional (catálogo genérico de mezcladoras); fuente: Formulación estándar de la industria; no verificada en el registro ICA
npk_edafico_2_20_12_grado_agricola,NPK edáfico 2-20-12 grado agrícola,N,2,,Comercialización regional (catálogo genérico de mezcladoras); fuente: Formulación estándar de la industria; no verificada en el registro ICA
npk_edafico_2_20_12_grado_agricola,NPK edáfico 2-20-12 grado agrícola,P,8.7285,,Comercialización regional (catálogo genérico de mezcladoras); fuente: Formulación estándar de la industria; no verificada en el registro ICA
npk_edafico_2_20_12_grado_agricola,NPK edáfico 2-20-12 grado agrícola,K,9.9618,,Comercialización regional (catálogo genérico de mezcladoras); fuente: Formulación estándar de la industria; no verificada en el registro ICA
npk_edafico_2_14_22_grado_agricola,NPK edáfico 2-14-22 grado agrícola,N,2,,Comercialización regional (catálogo genérico de mezcladoras); fuente: Formulación estándar de la industria; no verificada en el registro ICA
npk_edafico_2_14_22_grado_agricola,NPK edáfico 2-14-22 grado agrícola,P,6.11,,Comercialización regional (catálogo genérico de mezcladoras); fuente: Formulación estándar de la industria; no verificada en el registro ICA
npk_edafico_2_14_22_grado_agricola,NPK edáfico 2-14-22 grado agrícola,K,18.2633,,Comercialización regional (catálogo genérico de mezcladoras); fuente: Formulación estándar de la industria; no verificada en el registro ICA
npk_edafico_26_2_0_grado_agricola,NPK edáfico 26-2-0 grado agrícola,N,26,,Comercialización regional (catálogo genérico de mezcladoras); fuente: Formulación estándar de la industria; no verificada en el registro ICA
npk_edafico_26_2_0_grado_agricola,NPK edáfico 26-2-0 grado agrícola,P,0.8729,,Comercialización regional (catálogo genérico de mezcladoras); fuente: Formulación estándar de la industria; no verificada en el registro ICA
npk_edafico_22_8_8_grado_agricola,NPK edáfico 22-8-8 grado agrícola,N,22,,Comercialización regional (catálogo genérico de mezcladoras); fuente: Formulación estándar de la industria; no verificada en el registro ICA
npk_edafico_22_8_8_grado_agricola,NPK edáfico 22-8-8 grado agrícola,P,3.4914,,Comercialización regional (catálogo genérico de mezcladoras); fuente: Formulación estándar de la industria; no verificada en el registro ICA
npk_edafico_22_8_8_grado_agricola,NPK edáfico 22-8-8 grado agrícola,K,6.6412,,Comercialización regional (catálogo genérico de mezcladoras); fuente: Formulación estándar de la industria; no verificada en el registro ICA
npk_edafico_24_4_10_grado_agricola,NPK edáfico 24-4-10 grado agrícola,N,24,,Comercialización regional (catálogo genérico de mezcladoras); fuente: Formulación estándar de la industria; no verificada en el registro ICA
npk_edafico_24_4_10_grado_agricola,NPK edáfico 24-4-10 grado agrícola,P,1.7457,,Comercialización regional (catálogo genérico de mezcladoras); fuente: Formulación estándar de la industria; no verificada en el registro ICA
npk_edafico_24_4_10_grado_agricola,NPK edáfico 24-4-10 grado agrícola,K,8.3015,,Comercialización regional (catálogo genérico de mezcladoras); fuente: Formulación estándar de la industria; no verificada en el registro ICA
npk_edafico_12_0_30_3s_grado_agricola,NPK edáfico 12-0-30-3S grado agrícola,N,12,,Comercialización regional (catálogo genérico de mezcladoras); fuente: Formulación estándar de la industria; no verificada en el registro ICA
npk_edafico_12_0_30_3s_grado_agricola,NPK edáfico 12-0-30-3S grado agrícola,K,24.9045,,Comercialización regional (catálogo genérico de mezcladoras); fuente: Formulación estándar de la industria; no verificada en el registro ICA
npk_edafico_12_0_30_3s_grado_agricola,NPK edáfico 12-0-30-3S grado agrícola,S,3,,Comercialización regional (catálogo genérico de mezcladoras); fuente: Formulación estándar de la industria; no verificada en el registro ICA
npk_edafico_24_16_8_3s_grado_agricola,NPK edáfico 24-16-8-3S grado agrícola,N,24,,Comercialización regional (catálogo genérico de mezcladoras); fuente: Formulación estándar de la industria; no verificada en el registro ICA
npk_edafico_24_16_8_3s_grado_agricola,NPK edáfico 24-16-8-3S grado agrícola,P,6.9828,,Comercialización regional (catálogo genérico de mezcladoras); fuente: Formulación estándar de la industria; no verificada en el registro ICA
npk_edafico_24_16_8_3s_grado_agricola,NPK edáfico 24-16-8-3S grado agrícola,K,6.6412,,Comercialización regional (catálogo genérico de mezcladoras); fuente: Formulación estándar de la industria; no verificada en el registro ICA
npk_edafico_24_16_8_3s_grado_agricola,NPK edáfico 24-16-8-3S grado agrícola,S,3,,Comercialización regional (catálogo genérico de mezcladoras); fuente: Formulación estándar de la industria; no verificada en el registro ICA
npk_edafico_20_28_2_grado_agricola,NPK edáfico 20-28-2 grado agrícola,N,20,,Comercialización regional (catálogo genérico de mezcladoras); fuente: Formulación estándar de la industria; no verificada en el registro ICA
npk_edafico_20_28_2_grado_agricola,NPK edáfico 20-28-2 grado agrícola,P,12.2199,,Comercialización regional (catálogo genérico de mezcladoras); fuente: Formulación estándar de la industria; no verificada en el registro ICA
npk_edafico_20_28_2_grado_agricola,NPK edáfico 20-28-2 grado agrícola,K,1.6603,,Comercialización regional (catálogo genérico de mezcladoras); fuente: Formulación estándar de la industria; no verificada en el registro ICA
npk_edafico_0_0_16_grado_agricola,NPK edáfico 0-0-16 grado agrícola,K,13.2824,,Comercialización regional (catálogo genérico de mezcladoras); fuente: Formulación estándar de la industria; no verificada en el registro ICA
npk_edafico_20_22_4_grado_agricola,NPK edáfico 20-22-4 grado agrícola,N,20,,Comercialización regional (catálogo genérico de mezcladoras); fuente: Formulación estándar de la industria; no verificada en el registro ICA
npk_edafico_20_22_4_grado_agricola,NPK edáfico 20-22-4 grado agrícola,P,9.6014,,Comercialización regional (catálogo genérico de mezcladoras); fuente: Formulación estándar de la industria; no verificada en el registro ICA
npk_edafico_20_22_4_grado_agricola,NPK edáfico 20-22-4 grado agrícola,K,3.3206,,Comercialización regional (catálogo genérico de mezcladoras); fuente: Formulación estándar de la industria; no verificada en el registro ICA
npk_edafico_10_22_4_3s_grado_agricola,NPK edáfico 10-22-4-3S grado agrícola,N,10,,Comercialización regional (catálogo genérico de mezcladoras); fuente: Formulación estándar de la industria; no verificada en el registro ICA
npk_edafico_10_22_4_3s_grado_agricola,NPK edáfico 10-22-4-3S grado agrícola,P,9.6014,,Comercialización regional (catálogo genérico de mezcladoras); fuente: Formulación estándar de la industria; no verificada en el registro ICA
npk_edafico_10_22_4_3s_grado_agricola,NPK edáfico 10-22-4-3S grado agrícola,K,3.3206,,Comercialización regional (catálogo genérico de mezcladoras); fuente: Formulación estándar de la industria; no verificada en el registro ICA
npk_edafico_10_22_4_3s_grado_agricola,NPK edáfico 10-22-4-3S grado agrícola,S,3,,Comercialización regional (catálogo genérico de mezcladoras); fuente: Formulación estándar de la industria; no verificada en el registro ICA
npk_edafico_4_28_0_grado_agricola,NPK edáfico 4-28-0 grado agrícola,N,4,,Comercialización regional (catálogo genérico de mezcladoras); fuente: Formulación estándar de la industria; no verificada en el registro ICA
npk_edafico_4_28_0_grado_agricola,NPK edáfico 4-28-0 grado agrícola,P,12.2199,,Comercialización regional (catálogo genérico de mezcladoras); fuente: Formulación estándar de la industria; no verificada en el registro ICA
npk_edafico_12_10_8_grado_agricola,NPK edáfico 12-10-8 grado agrícola,N,12,,Comercialización regional (catálogo genérico de mezcladoras); fuente: Formulación estándar de la industria; no verificada en el registro ICA
npk_edafico_12_10_8_grado_agricola,NPK edáfico 12-10-8 grado agrícola,P,4.3643,,Comercialización regional (catálogo genérico de mezcladoras); fuente: Formulación estándar de la industria; no verificada en el registro ICA
npk_edafico_12_10_8_grado_agricola,NPK edáfico 12-10-8 grado agrícola,K,6.6412,,Comercialización regional (catálogo genérico de mezcladoras); fuente: Formulación estándar de la industria; no verificada en el registro ICA
npk_edafico_26_14_6_grado_agricola,NPK edáfico 26-14-6 grado agrícola,N,26,,Comercialización regional (catálogo genérico de mezcladoras); fuente: Formulación estándar de la industria; no verificada en el registro ICA
npk_edafico_26_14_6_grado_agricola,NPK edáfico 26-14-6 grado agrícola,P,6.11,,Comercialización regional (catálogo genérico de mezcladoras); fuente: Formulación estándar de la industria; no verificada en el registro ICA
npk_edafico_26_14_6_grado_agricola,NPK edáfico 26-14-6 grado agrícola,K,4.9809,,Comercialización regional (catálogo genérico de mezcladoras); fuente: Formulación estándar de la industria; no verificada en el registro ICA
npk_edafico_2_14_14_3s_grado_agricola,NPK edáfico 2-14-14-3S grado agrícola,N,2,,Comercialización regional (catálogo genérico de mezcladoras); fuente: Formulación estándar de la industria; no verificada en el registro ICA
npk_edafico_2_14_14_3s_grado_agricola,NPK edáfico 2-14-14-3S grado agrícola,P,6.11,,Comercialización regional (catálogo genérico de mezcladoras); fuente: Formulación estándar de la industria; no verificada en el registro ICA
npk_edafico_2_14_14_3s_grado_agricola,NPK edáfico 2-14-14-3S grado agrícola,K,11.6221,,Comercialización regional (catálogo genérico de mezcladoras); fuente: Formulación estándar de la industria; no verificada en el registro ICA
npk_edafico_2_14_14_3s_grado_agricola,NPK edáfico 2-14-14-3S grado agrícola,S,3,,Comercialización regional (catálogo genérico de mezcladoras); fuente: Formulación estándar de la industria; no verificada en el registro ICA
npk_edafico_20_10_16_grado_agricola,NPK edáfico 20-10-16 grado agrícola,N,20,,Comercialización regional (catálogo genérico de mezcladoras); fuente: Formulación estándar de la industria; no verificada en el registro ICA
npk_edafico_20_10_16_grado_agricola,NPK edáfico 20-10-16 grado agrícola,P,4.3643,,Comercialización regional (catálogo genérico de mezcladoras); fuente: Formulación estándar de la industria; no verificada en el registro ICA
npk_edafico_20_10_16_grado_agricola,NPK edáfico 20-10-16 grado agrícola,K,13.2824,,Comercialización regional (catálogo genérico de mezcladoras); fuente: Formulación estándar de la industria; no verificada en el registro ICA
npk_edafico_22_2_18_grado_agricola,NPK edáfico 22-2-18 grado agrícola,N,22,,Comercialización regional (catálogo genérico de mezcladoras); fuente: Formulación estándar de la industria; no verificada en el registro ICA
npk_edafico_22_2_18_grado_agricola,NPK edáfico 22-2-18 grado agrícola,P,0.8729,,Comercialización regional (catálogo genérico de mezcladoras); fuente: Formulación estándar de la industria; no verificada en el registro ICA
npk_edafico_22_2_18_grado_agricola,NPK edáfico 22-2-18 grado agrícola,K,14.9427,,Comercialización regional (catálogo genérico de mezcladoras); fuente: Formulación estándar de la industria; no verificada en el registro ICA
npk_edafico_24_18_10_grado_agricola,NPK edáfico 24-18-10 grado agrícola,N,24,,Comercialización regional (catálogo genérico de mezcladoras); fuente: Formulación estándar de la industria; no verificada en el registro ICA
npk_edafico_24_18_10_grado_agricola,NPK edáfico 24-18-10 grado agrícola,P,7.8557,,Comercialización regional (catálogo genérico de mezcladoras); fuente: Formulación estándar de la industria; no verificada en el registro ICA
npk_edafico_24_18_10_grado_agricola,NPK edáfico 24-18-10 grado agrícola,K,8.3015,,Comercialización regional (catálogo genérico de mezcladoras); fuente: Formulación estándar de la industria; no verificada en el registro ICA
npk_edafico_26_0_2_grado_agricola,NPK edáfico 26-0-2 grado agrícola,N,26,,Comercialización regional (catálogo genérico de mezcladoras); fuente: Formulación estándar de la industria; no verificada en el registro ICA
npk_edafico_26_0_2_grado_agricola,NPK edáfico 26-0-2 grado agrícola,K,1.6603,,Comercialización regional (catálogo genérico de mezcladoras); fuente: Formulación estándar de la industria; no verificada en el registro ICA
npk_edafico_20_12_10_grado_agricola,NPK edáfico 20-12-10 grado agrícola,N,20,,Comercialización regional (catálogo genérico de mezcladoras); fuente: Formulación estándar de la industria; no verificada en el registro ICA
npk_edafico_20_12_10_grado_agricola,NPK edáfico 20-12-10 grado agrícola,P,5.2371,,Comercialización regional (catálogo genérico de mezcladoras); fuente: Formulación estándar de la industria; no verificada en el registro ICA
npk_edafico_20_12_10_grado_agricola,NPK edáfico 20-12-10 grado agrícola,K,8.3015,,Comercialización regional (catálogo genérico de mezcladoras); fuente: Formulación estándar de la industria; no verificada en el registro ICA
npk_edafico_16_22_14_grado_agricola,NPK edáfico 16-22-14 grado agrícola,N,16,,Comercialización regional (catálogo genérico de mezcladoras); fuente: Formulación estándar de la industria; no verificada en el registro ICA
npk_edafico_16_22_14_grado_agricola,NPK edáfico 16-22-14 grado agrícola,P,9.6014,,Comercialización regional (catálogo genérico de mezcladoras); fuente: Formulación estándar de la industria; no verificada en el registro ICA
npk_edafico_16_22_14_grado_agricola,NPK edáfico 16-22-14 grado agrícola,K,11.6221,,Comercialización regional (catálogo genérico de mezcladoras); fuente: Formulación estándar de la industria; no verificada en el registro ICA
npk_edafico_22_6_8_3s_grado_agricola,NPK edáfico 22-6-8-3S grado agrícola,N,22,,Comercialización regional (catálogo genérico de mezcladoras); fuente: Formulación estándar de la industria; no verificada en el registro ICA
npk_edafico_22_6_8_3s_grado_agricola,NPK edáfico 22-6-8-3S grado agrícola,P,2.6186,,Comercialización regional (catálogo genérico de mezcladoras); fuente: Formulación estándar de la industria; no verificada en el registro ICA
npk_edafico_22_6_8_3s_grado_agricola,NPK edáfico 22-6-8-3S grado agrícola,K,6.6412,,Comercialización regional (catálogo genérico de mezcladoras); fuente: Formulación estándar de la industria; no verificada en el registro ICA
npk_edafico_22_6_8_3s_grado_agricola,NPK edáfico 22-6-8-3S grado agrícola,S,3,,Comercialización regional (catálogo genérico de mezcladoras); fuente: Formulación estándar de la industria; no verificada en el registro ICA
npk_edafico_18_14_22_grado_agricola,NPK edáfico 18-14-22 grado agrícola,N,18,,Comercialización regional (catálogo genérico de mezcladoras); fuente: Formulación estándar de la industria; no verificada en el registro ICA
npk_edafico_18_14_22_grado_agricola,NPK edáfico 18-14-22 grado agrícola,P,6.11,,Comercialización regional (catálogo genérico de mezcladoras); fuente: Formulación estándar de la industria; no verificada en el registro ICA
npk_edafico_18_14_22_grado_agricola,NPK edáfico 18-14-22 grado agrícola,K,18.2633,,Comercialización regional (catálogo genérico de mezcladoras); fuente: Formulación estándar de la industria; no verificada en el registro ICA
npk_edafico_2_20_16_grado_agricola,NPK edáfico 2-20-16 grado agrícola,N,2,,Comercialización regional (catálogo genérico de mezcladoras); fuente: Formulación estándar de la industria; no verificada en el registro ICA
npk_edafico_2_20_16_grado_agricola,NPK edáfico 2-20-16 grado agrícola,P,8.7285,,Comercialización regional (catálogo genérico de mezcladoras); fuente: Formulación estándar de la industria; no verificada en el registro ICA
npk_edafico_2_20_16_grado_agricola,NPK edáfico 2-20-16 grado agrícola,K,13.2824,,Comercialización regional (catálogo genérico de mezcladoras); fuente: Formulación estándar de la industria; no verificada en el registro ICA
npk_edafico_4_6_18_grado_agricola,NPK edáfico 4-6-18 grado agrícola,N,4,,Comercialización regional (catálogo genérico de mezcladoras); fuente: Formulación estándar de la industria; no verificada en el registro ICA
npk_edafico_4_6_18_grado_agricola,NPK edáfico 4-6-18 grado agrícola,P,2.6186,,Comercialización regional (catálogo genérico de mezcladoras); fuente: Formulación estándar de la industria; no verificada en el registro ICA
npk_edafico_4_6_18_grado_agricola,NPK edáfico 4-6-18 grado agrícola,K,14.9427,,Comercialización regional (catálogo genérico de mezcladoras); fuente: Formulación estándar de la industria; no verificada en el registro ICA
npk_edafico_22_10_14_grado_agricola,NPK edáfico 22-10-14 grado agrícola,N,22,,Comercialización regional (catálogo genérico de mezcladoras); fuente: Formulación estándar de la industria; no verificada en el registro ICA
npk_edafico_22_10_14_grado_agricola,NPK edáfico 22-10-14 grado agrícola,P,4.3643,,Comercialización regional (catálogo genérico de mezcladoras); fuente: Formulación estándar de la industria; no verificada en el registro ICA
npk_edafico_22_10_14_grado_agricola,NPK edáfico 22-10-14 grado agrícola,K,11.6221,,Comercialización regional (catálogo genérico de mezcladoras); fuente: Formulación estándar de la industria; no verificada en el registro ICA
npk_edafico_18_16_0_grado_agricola,NPK edáfico 18-16-0 grado agrícola,N,18,,Comercialización regional (catálogo genérico de mezcladoras); fuente: Formulación estándar de la industria; no verificada en el registro ICA
npk_edafico_18_16_0_grado_agricola,NPK edáfico 18-16-0 grado agrícola,P,6.9828,,Comercialización regional (catálogo genérico de mezcladoras); fuente: Formulación estándar de la industria; no verificada en el registro ICA
npk_edafico_22_6_4_grado_agricola,NPK edáfico 22-6-4 grado agrícola,N,22,,Comercialización regional (catálogo genérico de mezcladoras); fuente: Formulación estándar de la industria; no verificada en el registro ICA
npk_edafico_22_6_4_grado_agricola,NPK edáfico 22-6-4 grado agrícola,P,2.6186,,Comercialización regional (catálogo genérico de mezcladoras); fuente: Formulación estándar de la industria; no verificada en el registro ICA
npk_edafico_22_6_4_grado_agricola,NPK edáfico 22-6-4 grado agrícola,K,3.3206,,Comercialización regional (catálogo genérico de mezcladoras); fuente: Formulación estándar de la industria; no verificada en el registro ICA
npk_edafico_16_10_12_grado_agricola,NPK edáfico 16-10-12 grado agrícola,N,16,,Comercialización regional (catálogo genérico de mezcladoras); fuente: Formulación estándar de la industria; no verificada en el registro ICA
npk_edafico_16_10_12_grado_agricola,NPK edáfico 16-10-12 grado agrícola,P,4.3643,,Comercialización regional (catálogo genérico de mezcladoras); fuente: Formulación estándar de la industria; no verificada en el registro ICA
npk_edafico_16_10_12_grado_agricola,NPK edáfico 16-10-12 grado agrícola,K,9.9618,,Comercialización regional (catálogo genérico de mezcladoras); fuente: Formulación estándar de la industria; no verificada en el registro ICA
npk_edafico_10_8_28_grado_agricola,NPK edáfico 10-8-28 grado agrícola,N,10,,Comercialización regional (catálogo genérico de mezcladoras); fuente: Formulación estándar de la industria; no verificada en el registro ICA
npk_edafico_10_8_28_grado_agricola,NPK edáfico 10-8-28 grado agrícola,P,3.4914,,Comercialización regional (catálogo genérico de mezcladoras); fuente: Formulación estándar de la industria; no verificada en el registro ICA
npk_edafico_10_8_28_grado_agricola,NPK edáfico 10-8-28 grado agrícola,K,23.2442,,Comercialización regional (catálogo genérico de mezcladoras); fuente: Formulación estándar de la industria; no verificada en el registro ICA
npk_edafico_4_26_20_grado_agricola,NPK edáfico 4-26-20 grado agrícola,N,4,,Comercialización regional (catálogo genérico de mezcladoras); fuente: Formulación estándar de la industria; no verificada en el registro ICA
npk_edafico_4_26_20_grado_agricola,NPK edáfico 4-26-20 grado agrícola,P,11.3471,,Comercialización regional (catálogo genérico de mezcladoras); fuente: Formulación estándar de la industria; no verificada en el registro ICA
npk_edafico_4_26_20_grado_agricola,NPK edáfico 4-26-20 grado agrícola,K,16.603,,Comercialización regional (catálogo genérico de mezcladoras); fuente: Formulación estándar de la industria; no verificada en el registro ICA
npk_edafico_0_24_12_grado_agricola,NPK edáfico 0-24-12 grado agrícola,P,10.4742,,Comercialización regional (catálogo genérico de mezcladoras); fuente: Formulación estándar de la industria; no verificada en el registro ICA
npk_edafico_0_24_12_grado_agricola,NPK edáfico 0-24-12 grado agrícola,K,9.9618,,Comercialización regional (catálogo genérico de mezcladoras); fuente: Formulación estándar de la industria; no verificada en el registro ICA
npk_edafico_20_2_28_grado_agricola,NPK edáfico 20-2-28 grado agrícola,N,20,,Comercialización regional (catálogo genérico de mezcladoras); fuente: Formulación estándar de la industria; no verificada en el registro ICA
npk_edafico_20_2_28_grado_agricola,NPK edáfico 20-2-28 grado agrícola,P,0.8729,,Comercialización regional (catálogo genérico de mezcladoras); fuente: Formulación estándar de la industria; no verificada en el registro ICA
npk_edafico_20_2_28_grado_agricola,NPK edáfico 20-2-28 grado agrícola,K,23.2442,,Comercialización regional (catálogo genérico de mezcladoras); fuente: Formulación estándar de la industria; no verificada en el registro ICA
npk_edafico_10_16_22_3s_grado_agricola,NPK edáfico 10-16-22-3S grado agrícola,N,10,,Comercialización regional (catálogo genérico de mezcladoras); fuente: Formulación estándar de la industria; no verificada en el registro ICA
npk_edafico_10_16_22_3s_grado_agricola,NPK edáfico 10-16-22-3S grado agrícola,P,6.9828,,Comercialización regional (catálogo genérico de mezcladoras); fuente: Formulación estándar de la industria; no verificada en el registro ICA
npk_edafico_10_16_22_3s_grado_agricola,NPK edáfico 10-16-22-3S grado agrícola,K,18.2633,,Comercialización regional (catálogo genérico de mezcladoras); fuente: Formulación estándar de la industria; no verificada en el registro ICA
npk_edafico_10_16_22_3s_grado_agricola,NPK edáfico 10-16-22-3S grado agrícola,S,3,,Comercialización regional (catálogo genérico de mezcladoras); fuente: Formulación estándar de la industria; no verificada en el registro ICA
npk_edafico_20_2_22_grado_agricola,NPK edáfico 20-2-22 grado agrícola,N,20,,Comercialización regional (catálogo genérico de mezcladoras); fuente: Formulación estándar de la industria; no verificada en el registro ICA
npk_edafico_20_2_22_grado_agricola,NPK edáfico 20-2-22 grado agrícola,P,0.8729,,Comercialización regional (catálogo genérico de mezcladoras); fuente: Formulación estándar de la industria; no verificada en el registro ICA
npk_edafico_20_2_22_grado_agricola,NPK edáfico 20-2-22 grado agrícola,K,18.2633,,Comercialización regional (catálogo genérico de mezcladoras); fuente: Formulación estándar de la industria; no verificada en el registro ICA
npk_edafico_22_18_10_grado_agricola,NPK edáfico 22-18-10 grado agrícola,N,22,,Comercialización regional (catálogo genérico de mezcladoras); fuente: Formulación estándar de la industria; no verificada en el registro ICA
npk_edafico_22_18_10_grado_agricola,NPK edáfico 22-18-10 grado agrícola,P,7.8557,,Comercialización regional (catálogo genérico de mezcladoras); fuente: Formulación estándar de la industria; no verificada en el registro ICA
npk_edafico_22_18_10_grado_agricola,NPK edáfico 22-18-10 grado agrícola,K,8.3015,,Comercialización regional (catálogo genérico de mezcladoras); fuente: Formulación estándar de la industria; no verificada en el registro ICA
npk_edafico_16_10_14_grado_agricola,NPK edáfico 16-10-14 grado agrícola,N,16,,Comercialización regional (catálogo genérico de mezcladoras); fuente: Formulación estándar de la industria; no verificada en el registro ICA
npk_edafico_16_10_14_grado_agricola,NPK edáfico 16-10-14 grado agrícola,P,4.3643,,Comercialización regional (catálogo genérico de mezcladoras); fuente: Formulación estándar de la industria; no verificada en el registro ICA
npk_edafico_16_10_14_grado_agricola,NPK edáfico 16-10-14 grado agrícola,K,11.6221,,Comercialización regional (catálogo genérico de mezcladoras); fuente: Formulación estándar de la industria; no verificada en el registro ICA
npk_edafico_12_18_16_grado_agricola,NPK edáfico 12-18-16 grado agrícola,N,12,,Comercialización regional (catálogo genérico de mezcladoras); fuente: Formulación estándar de la industria; no verificada en el registro ICA
npk_edafico_12_18_16_grado_agricola,NPK edáfico 12-18-16 grado agrícola,P,7.8557,,Comercialización regional (catálogo genérico de mezcladoras); fuente: Formulación estándar de la industria; no verificada en el registro ICA
npk_edafico_12_18_16_grado_agricola,NPK edáfico 12-18-16 grado agrícola,K,13.2824,,Comercialización regional (catálogo genérico de mezcladoras); fuente: Formulación estándar de la industria; no verificada en el registro ICA
npk_edafico_30_12_2_grado_agricola,NPK edáfico 30-12-2 grado agrícola,N,30,,Comercialización regional (catálogo genérico de mezcladoras); fuente: Formulación estándar de la industria; no verificada en el registro ICA
npk_edafico_30_12_2_grado_agricola,NPK edáfico 30-12-2 grado agrícola,P,5.2371,,Comercialización regional (catálogo genérico de mezcladoras); fuente: Formulación estándar de la industria; no verificada en el registro ICA
npk_edafico_30_12_2_grado_agricola,NPK edáfico 30-12-2 grado agrícola,K,1.6603,,Comercialización regional (catálogo genérico de mezcladoras); fuente: Formulación estándar de la industria; no verificada en el registro ICA
npk_edafico_8_4_6_grado_agricola,NPK edáfico 8-4-6 grado agrícola,N,8,,Comercialización regional (catálogo genérico de mezcladoras); fuente: Formulación estándar de la industria; no verificada en el registro ICA
npk_edafico_8_4_6_grado_agricola,NPK edáfico 8-4-6 grado agrícola,P,1.7457,,Comercialización regional (catálogo genérico de mezcladoras); fuente: Formulación estándar de la industria; no verificada en el registro ICA
npk_edafico_8_4_6_grado_agricola,NPK edáfico 8-4-6 grado agrícola,K,4.9809,,Comercialización regional (catálogo genérico de mezcladoras); fuente: Formulación estándar de la industria; no verificada en el registro ICA
npk_edafico_10_8_10_grado_agricola,NPK edáfico 10-8-10 grado agrícola,N,10,,Comercialización regional (catálogo genérico de mezcladoras); fuente: Formulación estándar de la industria; no verificada en el registro ICA
npk_edafico_10_8_10_grado_agricola,NPK edáfico 10-8-10 grado agrícola,P,3.4914,,Comercialización regional (catálogo genérico de mezcladoras); fuente: Formulación estándar de la industria; no verificada en el registro ICA
npk_edafico_10_8_10_grado_agricola,NPK edáfico 10-8-10 grado agrícola,K,8.3015,,Comercialización regional (catálogo genérico de mezcladoras); fuente: Formulación estándar de la industria; no verificada en el registro ICA
npk_edafico_30_2_4_3s_grado_agricola,NPK edáfico 30-2-4-3S grado agrícola,N,30,,Comercialización regional (catálogo genérico de mezcladoras); fuente: Formulación estándar de la industria; no verificada en el registro ICA
npk_edafico_30_2_4_3s_grado_agricola,NPK edáfico 30-2-4-3S grado agrícola,P,0.8729,,Comercialización regional (catálogo genérico de mezcladoras); fuente: Formulación estándar de la industria; no verificada en el registro ICA
npk_edafico_30_2_4_3s_grado_agricola,NPK edáfico 30-2-4-3S grado agrícola,K,3.3206,,Comercialización regional (catálogo genérico de mezcladoras); fuente: Formulación estándar de la industria; no verificada en el registro ICA
npk_edafico_30_2_4_3s_grado_agricola,NPK edáfico 30-2-4-3S grado agrícola,S,3,,Comercialización regional (catálogo genérico de mezcladoras); fuente: Formulación estándar de la industria; no verificada en el registro ICA
npk_edafico_6_6_18_grado_agricola,NPK edáfico 6-6-18 grado agrícola,N,6,,Comercialización regional (catálogo genérico de mezcladoras); fuente: Formulación estándar de la industria; no verificada en el registro ICA
npk_edafico_6_6_18_grado_agricola,NPK edáfico 6-6-18 grado agrícola,P,2.6186,,Comercialización regional (catálogo genérico de mezcladoras); fuente: Formulación estándar de la industria; no verificada en el registro ICA
npk_edafico_6_6_18_grado_agricola,NPK edáfico 6-6-18 grado agrícola,K,14.9427,,Comercialización regional (catálogo genérico de mezcladoras); fuente: Formulación estándar de la industria; no verificada en el registro ICA
npk_edafico_22_0_6_grado_agricola,NPK edáfico 22-0-6 grado agrícola,N,22,,Comercialización regional (catálogo genérico de mezcladoras); fuente: Formulación estándar de la industria; no verificada en el registro ICA
npk_edafico_22_0_6_grado_agricola,NPK edáfico 22-0-6 grado agrícola,K,4.9809,,Comercialización regional (catálogo genérico de mezcladoras); fuente: Formulación estándar de la industria; no verificada en el registro ICA
npk_edafico_28_18_8_grado_agricola,NPK edáfico 28-18-8 grado agrícola,N,28,,Comercialización regional (catálogo genérico de mezcladoras); fuente: Formulación estándar de la industria; no verificada en el registro ICA
npk_edafico_28_18_8_grado_agricola,NPK edáfico 28-18-8 grado agrícola,P,7.8557,,Comercialización regional (catálogo genérico de mezcladoras); fuente: Formulación estándar de la industria; no verificada en el registro ICA
npk_edafico_28_18_8_grado_agricola,NPK edáfico 28-18-8 grado agrícola,K,6.6412,,Comercialización regional (catálogo genérico de mezcladoras); fuente: Formulación estándar de la industria; no verificada en el registro ICA
npk_edafico_8_18_24_grado_agricola,NPK edáfico 8-18-24 grado agrícola,N,8,,Comercialización regional (catálogo genérico de mezcladoras); fuente: Formulación estándar de la industria; no verificada en el registro ICA
npk_edafico_8_18_24_grado_agricola,NPK edáfico 8-18-24 grado agrícola,P,7.8557,,Comercialización regional (catálogo genérico de mezcladoras); fuente: Formulación estándar de la industria; no verificada en el registro ICA
npk_edafico_8_18_24_grado_agricola,NPK edáfico 8-18-24 grado agrícola,K,19.9236,,Comercialización regional (catálogo genérico de mezcladoras); fuente: Formulación estándar de la industria; no verificada en el registro ICA
npk_edafico_4_20_0_grado_agricola,NPK edáfico 4-20-0 grado agrícola,N,4,,Comercialización regional (catálogo genérico de mezcladoras); fuente: Formulación estándar de la industria; no verificada en el registro ICA
npk_edafico_4_20_0_grado_agricola,NPK edáfico 4-20-0 grado agrícola,P,8.7285,,Comercialización regional (catálogo genérico de mezcladoras); fuente: Formulación estándar de la industria; no verificada en el registro ICA
npk_edafico_6_28_2_3s_grado_agricola,NPK edáfico 6-28-2-3S grado agrícola,N,6,,Comercialización regional (catálogo genérico de mezcladoras); fuente: Formulación estándar de la industria; no verificada en el registro ICA
npk_edafico_6_28_2_3s_grado_agricola,NPK edáfico 6-28-2-3S grado agrícola,P,12.2199,,Comercialización regional (catálogo genérico de mezcladoras); fuente: Formulación estándar de la industria; no verificada en el registro ICA
npk_edafico_6_28_2_3s_grado_agricola,NPK edáfico 6-28-2-3S grado agrícola,K,1.6603,,Comercialización regional (catálogo genérico de mezcladoras); fuente: Formulación estándar de la industria; no verificada en el registro ICA
npk_edafico_6_28_2_3s_grado_agricola,NPK edáfico 6-28-2-3S grado agrícola,S,3,,Comercialización regional (catálogo genérico de mezcladoras); fuente: Formulación estándar de la industria; no verificada en el registro ICA
npk_edafico_6_0_26_grado_agricola,NPK edáfico 6-0-26 grado agrícola,N,6,,Comercialización regional (catálogo genérico de mezcladoras); fuente: Formulación estándar de la industria; no verificada en el registro ICA
npk_edafico_6_0_26_grado_agricola,NPK edáfico 6-0-26 grado agrícola,K,21.5839,,Comercialización regional (catálogo genérico de mezcladoras); fuente: Formulación estándar de la industria; no verificada en el registro ICA
npk_edafico_4_26_4_grado_agricola,NPK edáfico 4-26-4 grado agrícola,N,4,,Comercialización regional (catálogo genérico de mezcladoras); fuente: Formulación estándar de la industria; no verificada en el registro ICA
npk_edafico_4_26_4_grado_agricola,NPK edáfico 4-26-4 grado agrícola,P,11.3471,,Comercialización regional (catálogo genérico de mezcladoras); fuente: Formulación estándar de la industria; no verificada en el registro ICA
npk_edafico_4_26_4_grado_agricola,NPK edáfico 4-26-4 grado agrícola,K,3.3206,,Comercialización regional (catálogo genérico de mezcladoras); fuente: Formulación estándar de la industria; no verificada en el registro ICA
npk_edafico_20_10_18_grado_agricola,NPK edáfico 20-10-18 grado agrícola,N,20,,Comercialización regional (catálogo genérico de mezcladoras); fuente: Formulación estándar de la industria; no verificada en el registro ICA
npk_edafico_20_10_18_grado_agricola,NPK edáfico 20-10-18 grado agrícola,P,4.3643,,Comercialización regional (catálogo genérico de mezcladoras); fuente: Formulación estándar de la industria; no verificada en el registro ICA
npk_edafico_20_10_18_grado_agricola,NPK edáfico 20-10-18 grado agrícola,K,14.9427,,Comercialización regional (catálogo genérico de mezcladoras); fuente: Formulación estándar de la industria; no verificada en el registro ICA
npk_edafico_2_16_2_grado_agricola,NPK edáfico 2-16-2 grado agrícola,N,2,,Comercialización regional (catálogo genérico de mezcladoras); fuente: Formulación estándar de la industria; no verificada en el registro ICA
npk_edafico_2_16_2_grado_agricola,NPK edáfico 2-16-2 grado agrícola,P,6.9828,,Comercialización regional (catálogo genérico de mezcladoras); fuente: Formulación estándar de la industria; no verificada en el registro ICA
npk_edafico_2_16_2_grado_agricola,NPK edáfico 2-16-2 grado agrícola,K,1.6603,,Comercialización regional (catálogo genérico de mezcladoras); fuente: Formulación estándar de la industria; no verificada en el registro ICA
npk_edafico_6_6_22_grado_agricola,NPK edáfico 6-6-22 grado agrícola,N,6,,Comercialización regional (catálogo genérico de mezcladoras); fuente: Formulación estándar de la industria; no verificada en el registro ICA
npk_edafico_6_6_22_grado_agricola,NPK edáfico 6-6-22 grado agrícola,P,2.6186,,Comercialización regional (catálogo genérico de mezcladoras); fuente: Formulación estándar de la industria; no verificada en el registro ICA
npk_edafico_6_6_22_grado_agricola,NPK edáfico 6-6-22 grado agrícola,K,18.2633,,Comercialización regional (catálogo genérico de mezcladoras); fuente: Formulación estándar de la industria; no verificada en el registro ICA
npk_edafico_10_4_16_grado_agricola,NPK edáfico 10-4-16 grado agrícola,N,10,,Comercialización regional (catálogo genérico de mezcladoras); fuente: Formulación estándar de la industria; no verificada en el registro ICA
npk_edafico_10_4_16_grado_agricola,NPK edáfico 10-4-16 grado agrícola,P,1.7457,,Comercialización regional (catálogo genérico de mezcladoras); fuente: Formulación estándar de la industria; no verificada en el registro ICA
npk_edafico_10_4_16_grado_agricola,NPK edáfico 10-4-16 grado agrícola,K,13.2824,,Comercialización regional (catálogo genérico de mezcladoras); fuente: Formulación estándar de la industria; no verificada en el registro ICA
npk_edafico_0_18_16_grado_agricola,NPK edáfico 0-18-16 grado agrícola,P,7.8557,,Comercialización regional (catálogo genérico de mezcladoras); fuente: Formulación estándar de la industria; no verificada en el registro ICA
npk_edafico_0_18_16_grado_agricola,NPK edáfico 0-18-16 grado agrícola,K,13.2824,,Comercialización regional (catálogo genérico de mezcladoras); fuente: Formulación estándar de la industria; no verificada en el registro ICA
npk_edafico_4_20_6_3s_grado_agricola,NPK edáfico 4-20-6-3S grado agrícola,N,4,,Comercialización regional (catálogo genérico de mezcladoras); fuente: Formulación estándar de la industria; no verificada en el registro ICA
npk_edafico_4_20_6_3s_grado_agricola,NPK edáfico 4-20-6-3S grado agrícola,P,8.7285,,Comercialización regional (catálogo genérico de mezcladoras); fuente: Formulación estándar de la industria; no verificada en el registro ICA
npk_edafico_4_20_6_3s_grado_agricola,NPK edáfico 4-20-6-3S grado agrícola,K,4.9809,,Comercialización regional (catálogo genérico de mezcladoras); fuente: Formulación estándar de la industria; no verificada en el registro ICA
npk_edafico_4_20_6_3s_grado_agricola,NPK edáfico 4-20-6-3S grado agrícola,S,3,,Comercialización regional (catálogo genérico de mezcladoras); fuente: Formulación estándar de la industria; no verificada en el registro ICA
npk_edafico_22_14_8_grado_agricola,NPK edáfico 22-14-8 grado agrícola,N,22,,Comercialización regional (catálogo genérico de mezcladoras); fuente: Formulación estándar de la industria; no verificada en el registro ICA
npk_edafico_22_14_8_grado_agricola,NPK edáfico 22-14-8 grado agrícola,P,6.11,,Comercialización regional (catálogo genérico de mezcladoras); fuente: Formulación estándar de la industria; no verificada en el registro ICA
npk_edafico_22_14_8_grado_agricola,NPK edáfico 22-14-8 grado agrícola,K,6.6412,,Comercialización regional (catálogo genérico de mezcladoras); fuente: Formulación estándar de la industria; no verificada en el registro ICA
npk_edafico_18_10_16_grado_agricola,NPK edáfico 18-10-16 grado agrícola,N,18,,Comercialización regional (catálogo genérico de mezcladoras); fuente: Formulación estándar de la industria; no verificada en el registro ICA
npk_edafico_18_10_16_grado_agricola,NPK edáfico 18-10-16 grado agrícola,P,4.3643,,Comercialización regional (catálogo genérico de mezcladoras); fuente: Formulación estándar de la industria; no verificada en el registro ICA
npk_edafico_18_10_16_grado_agricola,NPK edáfico 18-10-16 grado agrícola,K,13.2824,,Comercialización regional (catálogo genérico de mezcladoras); fuente: Formulación estándar de la industria; no verificada en el registro ICA
npk_edafico_10_16_8_grado_agricola,NPK edáfico 10-16-8 grado agrícola,N,10,,Comercialización regional (catálogo genérico de mezcladoras); fuente: Formulación estándar de la industria; no verificada en el registro ICA
npk_edafico_10_16_8_grado_agricola,NPK edáfico 10-16-8 grado agrícola,P,6.9828,,Comercialización regional (catálogo genérico de mezcladoras); fuente: Formulación estándar de la industria; no verificada en el registro ICA
npk_edafico_10_16_8_grado_agricola,NPK edáfico 10-16-8 grado agrícola,K,6.6412,,Comercialización regional (catálogo genérico de mezcladoras); fuente: Formulación estándar de la industria; no verificada en el registro ICA
npk_edafico_18_0_18_3s_grado_agricola,NPK edáfico 18-0-18-3S grado agrícola,N,18,,Comercialización regional (catálogo genérico de mezcladoras); fuente: Formulación estándar de la industria; no verificada en el registro ICA
npk_edafico_18_0_18_3s_grado_agricola,NPK edáfico 18-0-18-3S grado agrícola,K,14.9427,,Comercialización regional (catálogo genérico de mezcladoras); fuente: Formulación estándar de la industria; no verificada en el registro ICA
npk_edafico_18_0_18_3s_grado_agricola,NPK edáfico 18-0-18-3S grado agrícola,S,3,,Comercialización regional (catálogo genérico de mezcladoras); fuente: Formulación estándar de la industria; no verificada en el registro ICA
npk_edafico_4_18_4_grado_agricola,NPK edáfico 4-18-4 grado agrícola,N,4,,Comercialización regional (catálogo genérico de mezcladoras); fuente: Formulación estándar de la industria; no verificada en el registro ICA
npk_edafico_4_18_4_grado_agricola,NPK edáfico 4-18-4 grado agrícola,P,7.8557,,Comercialización regional (catálogo genérico de mezcladoras); fuente: Formulación estándar de la industria; no verificada en el registro ICA
npk_edafico_4_18_4_grado_agricola,NPK edáfico 4-18-4 grado agrícola,K,3.3206,,Comercialización regional (catálogo genérico de mezcladoras); fuente: Formulación estándar de la industria; no verificada en el registro ICA
npk_edafico_0_30_0_3s_grado_agricola,NPK edáfico 0-30-0-3S grado agrícola,P,13.0928,,Comercialización regional (catálogo genérico de mezcladoras); fuente: Formulación estándar de la industria; no verificada en el registro ICA
npk_edafico_0_30_0_3s_grado_agricola,NPK edáfico 0-30-0-3S grado agrícola,S,3,,Comercialización regional (catálogo genérico de mezcladoras); fuente: Formulación estándar de la industria; no verificada en el registro ICA
npk_edafico_6_22_14_3s_grado_agricola,NPK edáfico 6-22-14-3S grado agrícola,N,6,,Comercialización regional (catálogo genérico de mezcladoras); fuente: Formulación estándar de la industria; no verificada en el registro ICA
npk_edafico_6_22_14_3s_grado_agricola,NPK edáfico 6-22-14-3S grado agrícola,P,9.6014,,Comercialización regional (catálogo genérico de mezcladoras); fuente: Formulación estándar de la industria; no verificada en el registro ICA
npk_edafico_6_22_14_3s_grado_agricola,NPK edáfico 6-22-14-3S grado agrícola,K,11.6221,,Comercialización regional (catálogo genérico de mezcladoras); fuente: Formulación estándar de la industria; no verificada en el registro ICA
npk_edafico_6_22_14_3s_grado_agricola,NPK edáfico 6-22-14-3S grado agrícola,S,3,,Comercialización regional (catálogo genérico de mezcladoras); fuente: Formulación estándar de la industria; no verificada en el registro ICA
